uid,lat,lon,timestamp_utc,missing_time_flag,flood_depth_cm
94941,-6.16978,106.76866,2020-01-01T00:03:02,0,30.0
95062,-6.23449,106.891,2020-01-01T01:14:53,0,51.0
95064,-6.16859,106.86092,2020-01-01T01:18:03,0,15.0
95065,-6.19933,106.73835,2020-01-01T01:25:02,0,60.0
95067,-6.19439,106.74001,2020-01-01T01:43:07,0,36.0
95068,-6.16777,106.72181,2020-01-01T02:05:36,0,79.0
95097,-6.16204,106.76476,2020-01-01T02:11:42,0,116.0
95531,-6.25791,106.81001,2020-01-01T03:09:26,0,69.0
95536,-6.24017,106.89524,2020-01-01T03:10:12,0,195.0
95567,-6.16994,106.95063,2020-01-01T03:19:31,0,44.0
95592,-6.1626,106.76545,2020-01-01T03:40:44,0,101.0
95626,-6.26131,106.77164,2020-01-01T03:52:15,0,190.0
96339,-6.1597,106.72111,2020-01-01T05:17:04,0,100.0
96570,-6.18715,106.74752,2020-01-01T05:29:52,0,50.0
97057,-6.17003,106.74504,2020-01-01T06:01:45,0,50.0
97285,-6.26902,106.8785,2020-01-01T06:50:51,0,150.0
97295,-6.23493,106.89135,2020-01-01T07:06:24,0,50.0
97296,-6.16707,106.86342,2020-01-01T07:20:31,0,30.0
98505,-6.2649,106.85902,2020-01-01T10:29:21,0,41.0
98548,-6.31112,106.78829,2020-01-01T10:42:40,0,100.0
98595,-6.30194,106.78974,2020-01-01T10:55:57,0,57.0
98653,-6.1638,106.78831,2020-01-01T11:28:43,0,112.0
98654,-6.16397,106.78905,2020-01-01T11:32:26,0,114.0
98655,-6.17746,106.76774,2020-01-01T11:52:37,0,54.0
98656,-6.14984,106.78175,2020-01-01T11:56:30,0,65.0
98730,-6.16438,106.77093,2020-01-01T12:43:47,0,74.0
98735,-6.24458,106.76796,2020-01-01T12:46:01,0,171.0
98851,-6.17703,106.75442,2020-01-01T13:33:10,0,94.0
98910,-6.17977,106.74994,2020-01-01T14:38:59,0,114.0
98911,-6.17535,106.77877,2020-01-01T14:56:37,0,76.0
98912,-6.16376,106.83563,2020-01-01T15:14:07,0,50.0
99005,-6.16456,106.72097,2020-01-01T16:30:01,0,80.0
99016,-6.29501,106.82946,2020-01-01T16:31:16,0,74.0
99173,-6.26968,106.83496,2020-01-01T17:07:22,0,48.0
99230,-6.26655,106.77001,2020-01-01T18:08:07,0,94.0
99231,-6.20862,106.76472,2020-01-01T19:03:41,0,24.0
99232,-6.15691,106.83639,2020-01-01T19:09:34,0,45.0
99233,-6.15854,106.83152,2020-01-01T19:10:47,0,47.0
99234,-6.1872,106.75816,2020-01-01T20:33:56,0,99.0
99235,-6.16827,106.77038,2020-01-01T23:00:59,0,122.0
99237,-6.13803,106.78084,2020-01-01T23:08:22,0,56.0
99238,-6.24717,106.87852,2020-01-01T23:49:05,0,20.0
100015,-6.20854,106.76469,2020-01-02T04:43:30,0,48.0
100056,-6.27878,106.76359,2020-01-02T04:46:15,0,50.0
100087,-6.18806,106.75578,2020-01-02T04:46:42,0,45.0
100197,-6.13735,106.73306,2020-01-02T05:16:20,0,50.0
100226,-6.17334,106.73851,2020-01-02T05:39:19,0,50.0
100227,-6.16929,106.76572,2020-01-02T05:39:06,0,70.0
100253,-6.17469,106.86539,2020-01-02T05:50:43,0,60.0
100264,-6.13383,106.72342,2020-01-02T05:57:39,0,33.0
100276,-6.13313,106.77272,2020-01-02T06:04:03,0,91.0
100277,-6.16471,106.74309,2020-01-02T06:09:59,0,90.0
100290,-6.17528,106.7153,2020-01-02T06:12:28,0,39.0
100347,-6.14387,106.78458,2020-01-02T06:34:11,0,80.0
100368,-6.16415,106.76788,2020-01-02T06:38:27,0,100.0
100375,-6.16835,106.71899,2020-01-02T06:41:56,0,63.0
100420,-6.17605,106.86539,2020-01-02T06:55:46,0,41.0
100435,-6.16372,106.74761,2020-01-02T07:01:25,0,143.0
100448,-6.17387,106.77904,2020-01-02T07:04:00,0,104.0
100451,-6.1751,106.865,2020-01-02T07:05:31,0,50.0
100461,-6.17184,106.77121,2020-01-02T07:09:33,0,89.0
100485,-6.17469,106.86539,2020-01-02T07:22:44,0,80.0
100493,-6.13045,106.77875,2020-01-02T07:27:20,0,90.0
100494,-6.19054,106.76358,2020-01-02T07:30:19,0,75.0
100495,-6.18292,106.73404,2020-01-02T07:49:50,0,50.0
100509,-6.16528,106.71628,2020-01-02T07:53:52,0,93.0
100782,-6.13149,106.7806,2020-01-02T08:39:50,0,95.0
100848,-6.16438,106.83671,2020-01-02T08:48:19,0,50.0
100849,-6.16466,106.74462,2020-01-02T08:48:33,0,70.0
100872,-6.16973,106.78065,2020-01-02T08:55:01,0,100.0
100881,-6.16817,106.767,2020-01-02T08:54:55,0,58.0
100885,-6.1446,106.78327,2020-01-02T08:57:25,0,53.0
100924,-6.17469,106.86539,2020-01-02T09:14:29,0,94.0
100926,-6.1552,106.7909,2020-01-02T09:16:27,0,70.0
100927,-6.16893,106.76829,2020-01-02T09:16:03,0,60.0
100949,-6.17531,106.76848,2020-01-02T09:22:23,0,40.0
101031,-6.13315,106.77273,2020-01-02T09:36:22,0,90.0
101104,-6.14728,106.78374,2020-01-02T09:51:49,0,80.0
101125,-6.15994,106.71309,2020-01-02T09:54:34,0,195.0
101146,-6.14458,106.78325,2020-01-02T09:57:45,0,73.0
101179,-6.13859,106.77499,2020-01-02T10:02:55,0,125.0
101271,-6.15927,106.75893,2020-01-02T10:28:19,0,150.0
101274,-6.1706,106.7711,2020-01-02T10:28:59,0,77.0
101308,-6.13795,106.78136,2020-01-02T10:38:40,0,71.0
101355,-6.18488,106.72183,2020-01-02T10:42:38,0,143.0
101356,-6.13108,106.76979,2020-01-02T10:42:49,0,105.0
101361,-6.13375,106.76413,2020-01-02T10:43:13,0,69.0
101398,-6.13109,106.76995,2020-01-02T10:50:32,0,98.0
101459,-6.16782,106.73864,2020-01-02T10:58:01,0,65.0
101573,-6.1744,106.77375,2020-01-02T11:15:11,0,39.0
101654,-6.13057,106.77856,2020-01-02T11:34:27,0,126.0
101685,-6.13805,106.78242,2020-01-02T11:49:07,0,74.0
101692,-6.17038,106.78056,2020-01-02T11:54:04,0,93.0
101694,-6.17729,106.7825,2020-01-02T11:54:18,0,38.0
101701,-6.17112,106.73321,2020-01-02T11:57:07,0,50.0
101706,-6.16897,106.7784,2020-01-02T11:58:46,0,127.0
101708,-6.17522,106.71543,2020-01-02T12:00:29,0,35.0
101711,-6.19997,106.89623,2020-01-02T12:01:19,0,56.0
101723,-6.17088,106.77532,2020-01-02T12:09:06,0,52.0
101727,-6.17236,106.77687,2020-01-02T12:11:31,0,119.0
101729,-6.1751,106.865,2020-01-02T12:12:21,0,50.0
101741,-6.17377,106.78103,2020-01-02T12:17:24,0,67.0
101746,-6.16985,106.78408,2020-01-02T12:21:21,0,30.0
101790,-6.17528,106.77878,2020-01-02T12:51:39,0,67.0
101797,-6.13383,106.73956,2020-01-02T12:56:10,0,63.0
101812,-6.16408,106.72841,2020-01-02T13:50:04,0,46.0
101813,-6.17469,106.86539,2020-01-02T14:02:19,0,146.0
101815,-6.18482,106.71435,2020-01-02T14:11:11,0,133.0
101816,-6.17726,106.73619,2020-01-02T14:16:00,0,45.0
101817,-6.16907,106.76031,2020-01-02T14:18:12,0,95.0
101819,-6.14132,106.77224,2020-01-02T14:42:03,0,50.0
101820,-6.16453,106.74427,2020-01-02T16:05:09,0,87.0
101821,-6.16329,106.74588,2020-01-02T16:09:45,0,130.0
101822,-6.21376,106.76534,2020-01-02T16:12:08,0,32.0
101823,-6.1513,106.79213,2020-01-02T16:29:47,0,40.0
101824,-6.15125,106.78271,2020-01-02T17:05:18,0,83.0
99261,-6.16357,106.84043,2020-01-02T00:42:48,0,43.0
99267,-6.13316,106.77271,2020-01-02T00:45:46,0,89.0
99331,-6.16879,106.90478,2020-01-02T01:19:48,0,32.0
99403,-6.13695,106.77983,2020-01-02T01:49:24,0,120.0
99414,-6.1379,106.78224,2020-01-02T01:51:34,0,80.0
99505,-6.15457,106.89499,2020-01-02T02:18:58,0,40.0
99548,-6.16385,106.72476,2020-01-02T02:50:30,0,46.0
99549,-6.16746,106.72779,2020-01-02T02:52:58,0,34.0
99550,-6.16626,106.72716,2020-01-02T02:54:29,0,44.0
99593,-6.17291,106.78035,2020-01-02T03:13:56,0,40.0
99614,-6.23472,106.86515,2020-01-02T03:19:07,0,191.0
99643,-6.16435,106.74623,2020-01-02T03:26:53,0,100.0
99648,-6.16189,106.83635,2020-01-02T03:28:08,0,63.0
99685,-6.17469,106.86539,2020-01-02T03:36:05,0,195.0
99692,-6.17457,106.95301,2020-01-02T03:36:51,0,45.0
99711,-6.19044,106.76366,2020-01-02T03:41:55,0,60.0
99723,-6.21733,106.86343,2020-01-02T03:47:52,0,195.0
99730,-6.17768,106.89469,2020-01-02T03:48:20,0,31.0
99733,-6.16712,106.77346,2020-01-02T03:49:38,0,153.0
99753,-6.17892,106.77933,2020-01-02T03:55:39,0,110.0
99764,-6.18005,106.89664,2020-01-02T04:00:16,0,125.0
99791,-6.18047,106.77952,2020-01-02T04:08:52,0,135.0
99816,-6.1715,106.77771,2020-01-02T04:14:04,0,150.0
99821,-6.16466,106.72743,2020-01-02T04:16:02,0,70.0
99854,-6.1684,106.71726,2020-01-02T04:20:14,0,60.0
101826,-6.19909,106.76215,2020-01-03T00:36:50,0,1.0
101827,-6.1447,106.78326,2020-01-03T01:40:20,0,25.0
101828,-6.17042,106.76937,2020-01-03T01:45:33,0,142.0
101829,-6.31195,106.82113,2020-01-03T02:21:44,0,150.0
101830,-6.1303,106.77824,2020-01-03T03:32:39,0,141.0
101831,-6.13826,106.77338,2020-01-03T03:37:51,0,150.0
101832,-6.13843,106.77947,2020-01-03T03:45:07,0,119.0
101833,-6.17153,106.71632,2020-01-03T04:10:17,0,25.0
101834,-6.13312,106.77275,2020-01-03T04:34:24,0,22.0
101835,-6.137,106.77983,2020-01-03T05:42:59,0,99.0
101836,-6.14137,106.7711,2020-01-03T05:48:52,0,23.0
101837,-6.16237,106.7459,2020-01-03T06:09:24,0,80.0
101840,-6.13247,106.77025,2020-01-03T07:29:33,0,66.0
101843,-6.13862,106.77519,2020-01-03T09:12:27,0,104.0
101844,-6.13678,106.77754,2020-01-03T09:14:49,0,119.0
101845,-6.25864,106.80906,2020-01-03T10:43:17,0,195.0
101846,-6.1631,106.74247,2020-01-03T12:12:06,0,44.0
101847,-6.16946,106.77739,2020-01-03T13:10:17,0,101.0
101848,-6.16695,106.74004,2020-01-03T13:20:44,0,9.0
101849,-6.16044,106.76222,2020-01-03T13:30:39,0,48.0
101852,-6.15666,106.76006,2020-01-03T16:29:56,0,39.0
101853,-6.26267,106.77107,2020-01-03T23:00:05,0,1.0
101854,-6.16584,106.77257,2020-01-04T01:51:25,0,70.0
101857,-6.23637,106.74776,2020-01-04T07:45:21,0,24.0
101858,-6.32665,106.80708,2020-01-04T13:42:46,0,1.0
101866,-6.16405,106.7166,2020-01-05T23:57:43,0,50.0
101867,-6.31413,106.80848,2020-01-06T00:20:58,0,143.0
101870,-6.17605,106.86539,2020-01-06T05:49:25,0,23.0
101872,-6.24144,106.7877,2020-01-06T12:28:01,0,27.0
101873,-6.17552,106.73393,2020-01-06T12:56:15,0,161.0
101874,-6.17803,106.9037,2020-01-06T14:12:51,0,32.0
101875,-6.17429,106.73892,2020-01-06T15:57:25,0,80.0
101878,-6.18632,106.75585,2020-01-07T05:28:39,0,100.0
101879,-6.17469,106.86539,2020-01-07T06:51:01,0,14.0
101881,-6.25424,106.91648,2020-01-07T09:43:47,0,51.0
101882,-6.16059,106.74618,2020-01-07T12:42:49,0,165.0
101887,-6.15592,106.74167,2020-01-08T07:17:04,0,164.0
101891,-6.24466,106.85821,2020-01-08T18:27:42,0,1.0
101902,-6.17605,106.86539,2020-01-13T03:31:45,0,143.0
101904,-6.19371,106.86707,2020-01-13T03:33:26,0,146.0
101907,-6.19333,106.8687,2020-01-13T03:35:59,0,144.0
101909,-6.19338,106.86873,2020-01-13T03:38:14,0,39.0
101910,-6.19333,106.8687,2020-01-13T03:38:50,0,22.0
101913,-6.17469,106.86539,2020-01-14T11:58:05,0,93.0
101914,-6.27344,106.87208,2020-01-14T15:35:30,0,46.0
101922,-6.22847,106.79589,2020-01-17T23:47:13,0,23.0
101923,-6.19925,106.79614,2020-01-17T23:57:28,0,23.0
101924,-6.15906,106.76267,2020-01-18T00:19:50,0,28.0
101925,-6.21164,106.79349,2020-01-18T00:58:22,0,36.0
101926,-6.21495,106.78732,2020-01-18T00:54:38,0,133.0
101927,-6.24871,106.78905,2020-01-18T01:18:25,0,33.0
101928,-6.18783,106.8148,2020-01-18T01:34:59,0,23.0
101929,-6.23574,106.7864,2020-01-18T02:35:23,0,20.0
101930,-6.14177,106.77686,2020-01-18T02:39:44,0,50.0
101931,-6.16611,106.76919,2020-01-18T02:42:51,0,15.0
101932,-6.20254,106.7917,2020-01-18T06:54:11,0,32.0
101933,-6.33617,106.9111,2020-01-18T11:00:47,0,10.0
101938,-6.17469,106.86539,2020-01-21T06:54:48,0,195.0
101940,-6.17469,106.86539,2020-01-21T07:00:46,0,21.0
101951,-6.1751,106.865,2020-01-21T07:44:25,0,80.0
101954,-6.15213,106.77516,2020-01-21T13:11:34,0,46.0
101959,-6.17469,106.86539,2020-01-24T03:04:33,0,6.0
101960,-6.11565,106.87558,2020-01-24T03:26:02,0,10.0
101961,-6.13511,106.88588,2020-01-24T03:28:28,0,50.0
101962,-6.13372,106.86045,2020-01-24T03:29:28,0,18.0
101963,-6.13642,106.825,2020-01-24T03:33:13,0,65.0
101964,-6.17798,106.89415,2020-01-24T03:34:13,0,18.0
101965,-6.15585,106.85179,2020-01-24T03:41:04,0,10.0
101966,-6.14267,106.89028,2020-01-24T03:42:08,0,69.0
101967,-6.18265,106.86069,2020-01-24T03:46:14,0,30.0
101968,-6.14524,106.85931,2020-01-24T03:46:16,0,28.0
101969,-6.14531,106.78829,2020-01-24T03:48:21,0,5.0
101970,-6.23494,106.91772,2020-01-24T03:48:17,0,39.0
101971,-6.13378,106.8878,2020-01-24T03:54:35,0,49.0
101972,-6.09583,106.71824,2020-01-24T03:56:15,0,45.0
101973,-6.1367,106.88693,2020-01-24T03:58:16,0,61.0
101974,-6.17789,106.89536,2020-01-24T04:01:59,0,16.0
101975,-6.21966,106.84315,2020-01-24T04:01:47,0,30.0
101976,-6.14109,106.74779,2020-01-24T04:08:17,0,20.0
101977,-6.24452,106.87588,2020-01-24T04:09:34,0,70.0
101978,-6.33219,106.87535,2020-01-24T04:13:35,0,87.0
101979,-6.15269,106.85238,2020-01-24T04:17:28,0,47.0
101980,-6.15537,106.85675,2020-01-24T04:24:08,0,43.0
101982,-6.15091,106.86208,2020-01-24T04:45:02,0,23.0
101983,-6.21073,106.85173,2020-01-24T04:59:48,0,15.0
101984,-6.24572,106.86782,2020-01-24T04:59:48,0,31.0
101985,-6.14747,106.73927,2020-01-24T04:59:37,0,47.0
101986,-6.15808,106.90159,2020-01-24T05:01:48,0,20.0
101987,-6.1409,106.85269,2020-01-24T05:01:53,0,15.0
101988,-6.12338,106.78684,2020-01-24T05:07:48,0,28.0
101989,-6.12341,106.80445,2020-01-24T05:09:24,0,40.0
101990,-6.1101,106.71239,2020-01-24T05:09:22,0,50.0
101991,-6.13455,106.70858,2020-01-24T05:15:08,0,20.0
101992,-6.23889,106.87796,2020-01-24T05:22:13,0,25.0
101993,-6.17502,106.86535,2020-01-24T05:22:46,0,61.0
101994,-6.14591,106.90598,2020-01-24T05:22:42,0,37.0
101995,-6.10755,106.76936,2020-01-24T05:23:58,0,36.0
101996,-6.23181,106.87632,2020-01-24T05:34:04,0,40.0
101997,-6.23857,106.87792,2020-01-24T05:43:18,0,50.0
102000,-6.23916,106.87788,2020-01-24T06:03:00,0,65.0
102001,-6.14846,106.91129,2020-01-24T06:11:15,0,35.0
102003,-6.16385,106.91096,2020-01-24T06:23:04,0,47.0
102004,-6.11852,106.71121,2020-01-24T06:46:11,0,38.0
102006,-6.15279,106.89728,2020-01-24T06:53:30,0,45.0
102007,-6.17469,106.86539,2020-01-24T06:54:57,0,195.0
102008,-6.17469,106.86539,2020-01-24T06:55:49,0,195.0
102009,-6.15543,106.81963,2020-01-24T07:04:40,0,59.0
102010,-6.17469,106.86539,2020-01-24T07:15:14,0,40.0
102011,-6.12701,106.72427,2020-01-24T07:18:40,0,20.0
102012,-6.20885,106.87165,2020-01-24T07:33:46,0,41.0
102013,-6.22898,106.85863,2020-01-24T07:47:02,0,24.0
102017,-6.15081,106.91031,2020-01-24T09:49:39,0,15.0
102048,-6.30855,106.79763,2020-01-26T15:12:47,0,60.0
102051,-6.30041,106.78792,2020-01-26T16:25:36,0,78.0
102074,-6.23171,106.83363,2020-01-30T11:11:39,0,73.0
102076,-6.23208,106.83437,2020-01-30T11:17:01,0,23.0
102077,-6.17605,106.86539,2020-01-30T12:34:25,0,106.0
102080,-6.17248,106.82209,2020-01-31T02:53:43,0,33.0
102103,-6.15669,106.74222,2020-02-01T12:00:00,1,44.0
102109,-6.11354,106.71176,2020-02-01T12:00:00,1,25.0
102112,-6.13381,106.86036,2020-02-02T12:00:00,1,18.0
102113,-6.1411,106.87009,2020-02-02T12:00:00,1,21.0
102114,-6.13381,106.86036,2020-02-02T12:00:00,1,21.0
102115,-6.145,106.86119,2020-02-02T12:00:00,1,62.0
102116,-6.15993,106.77257,2020-02-02T12:00:00,1,42.0
102118,-6.13964,106.78288,2020-02-02T12:00:00,1,17.0
102119,-6.13571,106.86438,2020-02-02T12:00:00,1,15.0
102120,-6.13143,106.88281,2020-02-02T12:00:00,1,23.0
102121,-6.1542,106.74968,2020-02-02T12:00:00,1,53.0
102122,-6.16342,106.76623,2020-02-02T12:00:00,1,45.0
102123,-6.15802,106.83532,2020-02-02T12:00:00,1,35.0
102124,-6.18534,106.82924,2020-02-02T12:00:00,1,50.0
102125,-6.177,106.77217,2020-02-02T12:00:00,1,42.0
102126,-6.14205,106.7774,2020-02-02T12:00:00,1,39.0
102127,-6.1777,106.76694,2020-02-02T12:00:00,1,32.0
102142,-6.34316,106.90942,2020-02-04T12:00:00,1,47.0
102146,-6.33565,106.9118,2020-02-04T12:00:00,1,45.0
102149,-6.33578,106.91031,2020-02-04T12:00:00,1,106.0
102154,-6.10817,106.7688,2020-02-04T12:00:00,1,47.0
102197,-6.25254,106.81906,2020-02-06T12:00:00,1,29.0
102202,-6.19322,106.86871,2020-02-07T12:00:00,1,25.0
102208,-6.26081,106.86134,2020-02-07T12:00:00,1,81.0
102209,-6.16252,106.96801,2020-02-07T12:00:00,1,20.0
102211,-6.22144,106.77482,2020-02-07T12:00:00,1,180.0
102212,-6.1728,106.90453,2020-02-07T12:00:00,1,31.0
102213,-6.15136,106.87858,2020-02-07T12:00:00,1,34.0
102214,-6.13571,106.8644,2020-02-07T12:00:00,1,25.0
102216,-6.1411,106.87128,2020-02-07T12:00:00,1,23.0
102217,-6.26131,106.79384,2020-02-07T12:00:00,1,1.0
102218,-6.16451,106.86228,2020-02-07T12:00:00,1,10.0
102219,-6.2136,106.85706,2020-02-07T12:00:00,1,80.0
102220,-6.24611,106.86387,2020-02-07T12:00:00,1,100.0
102221,-6.13814,106.83541,2020-02-07T12:00:00,1,16.0
102222,-6.15686,106.87717,2020-02-07T12:00:00,1,21.0
102223,-6.18075,106.82655,2020-02-07T12:00:00,1,114.0
102225,-6.15803,106.84805,2020-02-07T12:00:00,1,40.0
102226,-6.11512,106.87634,2020-02-07T12:00:00,1,29.0
102228,-6.20243,106.95356,2020-02-07T12:00:00,1,10.0
102229,-6.16068,106.89308,2020-02-07T12:00:00,1,48.0
102230,-6.18743,106.90165,2020-02-07T12:00:00,1,62.0
102231,-6.17552,106.95032,2020-02-07T12:00:00,1,40.0
102232,-6.26665,106.83275,2020-02-07T12:00:00,1,47.0
102233,-6.15617,106.86476,2020-02-07T12:00:00,1,53.0
102234,-6.15211,106.87737,2020-02-07T12:00:00,1,25.0
102235,-6.14667,106.78473,2020-02-07T12:00:00,1,20.0
102236,-6.1593,106.92729,2020-02-07T12:00:00,1,16.0
102237,-6.17652,106.8857,2020-02-07T12:00:00,1,45.0
102238,-6.1751,106.865,2020-02-07T12:00:00,1,17.0
102239,-6.16952,106.90473,2020-02-07T12:00:00,1,28.0
102240,-6.17605,106.86539,2020-02-07T12:00:00,1,20.0
102242,-6.16774,106.86676,2020-02-07T12:00:00,1,30.0
102243,-6.17945,106.90322,2020-02-07T12:00:00,1,61.0
102244,-6.24611,106.86386,2020-02-07T12:00:00,1,195.0
102245,-6.17019,106.92349,2020-02-07T12:00:00,1,146.0
102247,-6.1638,106.88408,2020-02-07T12:00:00,1,46.0
102248,-6.15703,106.8468,2020-02-07T12:00:00,1,45.0
102249,-6.16447,106.88209,2020-02-07T12:00:00,1,45.0
102251,-6.16872,106.8608,2020-02-07T12:00:00,1,20.0
102252,-6.17469,106.86539,2020-02-07T12:00:00,1,44.0
102253,-6.17916,106.86469,2020-02-07T12:00:00,1,50.0
102254,-6.20513,106.80992,2020-02-07T12:00:00,1,78.0
102255,-6.23158,106.9294,2020-02-07T12:00:00,1,35.0
102257,-6.13984,106.87017,2020-02-07T12:00:00,1,27.0
102258,-6.17533,106.87423,2020-02-07T12:00:00,1,10.0
102259,-6.17256,106.86662,2020-02-08T12:00:00,1,37.0
102260,-6.17295,106.86678,2020-02-08T12:00:00,1,50.0
102261,-6.16998,106.91162,2020-02-08T12:00:00,1,40.0
102262,-6.15223,106.91157,2020-02-08T12:00:00,1,25.0
102263,-6.16041,106.888,2020-02-08T12:00:00,1,23.0
102264,-6.15373,106.91041,2020-02-08T12:00:00,1,29.0
102265,-6.13671,106.87121,2020-02-08T12:00:00,1,30.0
102266,-6.14984,106.88617,2020-02-08T12:00:00,1,55.0
102268,-6.18069,106.8844,2020-02-08T12:00:00,1,30.0
102270,-6.15339,106.90721,2020-02-08T12:00:00,1,30.0
102271,-6.14211,106.77685,2020-02-08T12:00:00,1,101.0
102273,-6.18001,106.86677,2020-02-08T12:00:00,1,60.0
102275,-6.13091,106.92403,2020-02-08T12:00:00,1,34.0
102276,-6.17678,106.88248,2020-02-08T12:00:00,1,30.0
102277,-6.15496,106.89596,2020-02-08T12:00:00,1,40.0
102278,-6.15337,106.89694,2020-02-08T12:00:00,1,40.0
102279,-6.20976,106.81349,2020-02-08T12:00:00,1,42.0
102280,-6.15641,106.89847,2020-02-08T12:00:00,1,40.0
102281,-6.15416,106.89372,2020-02-08T12:00:00,1,40.0
102282,-6.15321,106.86173,2020-02-08T12:00:00,1,45.0
102283,-6.19758,106.90916,2020-02-08T12:00:00,1,60.0
102284,-6.14824,106.91079,2020-02-08T12:00:00,1,40.0
102286,-6.1459,106.90676,2020-02-08T12:00:00,1,52.0
102287,-6.14777,106.89885,2020-02-08T12:00:00,1,40.0
102289,-6.15858,106.91015,2020-02-08T12:00:00,1,40.0
102291,-6.15341,106.89694,2020-02-08T12:00:00,1,65.0
102292,-6.15605,106.90814,2020-02-08T12:00:00,1,40.0
102294,-6.17938,106.90367,2020-02-08T12:00:00,1,50.0
102296,-6.15735,106.90724,2020-02-08T12:00:00,1,35.0
102297,-6.19343,106.94786,2020-02-08T12:00:00,1,66.0
102298,-6.15515,106.88601,2020-02-08T12:00:00,1,40.0
102299,-6.26857,106.83225,2020-02-08T12:00:00,1,35.0
102300,-6.16227,106.88142,2020-02-08T12:00:00,1,40.0
102302,-6.14653,106.90329,2020-02-08T12:00:00,1,40.0
102303,-6.20644,106.81385,2020-02-08T12:00:00,1,56.0
102304,-6.13907,106.91853,2020-02-08T12:00:00,1,60.0
102305,-6.21562,106.85956,2020-02-08T12:00:00,1,144.0
102308,-6.1915,106.81119,2020-02-08T12:00:00,1,31.0
102309,-6.15128,106.8898,2020-02-08T12:00:00,1,45.0
102310,-6.18027,106.80597,2020-02-08T12:00:00,1,25.0
102311,-6.26313,106.87889,2020-02-08T12:00:00,1,22.0
102312,-6.24776,106.90071,2020-02-08T12:00:00,1,26.0
102313,-6.2415,106.8918,2020-02-08T12:00:00,1,70.0
102315,-6.20446,106.81895,2020-02-08T12:00:00,1,36.0
102316,-6.17342,106.77638,2020-02-08T12:00:00,1,43.0
102318,-6.27895,106.87562,2020-02-08T12:00:00,1,30.0
102319,-6.16915,106.88476,2020-02-08T12:00:00,1,20.0
102320,-6.16026,106.76227,2020-02-08T12:00:00,1,76.0
102321,-6.17437,106.88262,2020-02-08T12:00:00,1,46.0
102322,-6.11702,106.923,2020-02-08T12:00:00,1,25.0
102323,-6.15516,106.86284,2020-02-08T12:00:00,1,60.0
102324,-6.16191,106.92117,2020-02-08T12:00:00,1,35.0
102325,-6.15457,106.89246,2020-02-08T12:00:00,1,58.0
102327,-6.24316,106.89732,2020-02-08T12:00:00,1,49.0
102329,-6.14528,106.91021,2020-02-08T12:00:00,1,20.0
102331,-6.201,106.85054,2020-02-08T12:00:00,1,1.0
102332,-6.17215,106.91193,2020-02-08T12:00:00,1,21.0
102335,-6.1819,106.79874,2020-02-09T12:00:00,1,18.0
102336,-6.1738,106.78769,2020-02-09T12:00:00,1,17.0
105846,-6.29467,106.82712,2020-02-16T12:00:00,1,15.0
106390,-6.15252,106.85817,2020-02-19T12:00:00,1,3.0
106392,-6.20145,106.84998,2020-02-19T12:00:00,1,5.0
107458,-6.19986,106.82611,2020-02-21T12:00:00,1,30.0
107498,-6.16958,106.8018,2020-02-21T12:00:00,1,34.0
108279,-6.19989,106.82608,2020-02-22T12:00:00,1,12.0
108307,-6.17522,106.95052,2020-02-22T12:00:00,1,42.0
108314,-6.20659,106.83225,2020-02-22T12:00:00,1,56.0
108325,-6.16187,106.92134,2020-02-22T12:00:00,1,25.0
108327,-6.13997,106.95653,2020-02-22T12:00:00,1,68.0
108328,-6.15264,106.94975,2020-02-22T12:00:00,1,79.0
108329,-6.1796,106.85447,2020-02-22T12:00:00,1,46.0
108330,-6.1471,106.92728,2020-02-22T12:00:00,1,90.0
108333,-6.19926,106.8338,2020-02-22T12:00:00,1,5.0
108334,-6.20146,106.84989,2020-02-22T12:00:00,1,4.0
108335,-6.1979,106.95075,2020-02-22T12:00:00,1,20.0
108337,-6.25704,106.9069,2020-02-22T12:00:00,1,50.0
108338,-6.19795,106.95065,2020-02-22T12:00:00,1,30.0
108339,-6.18585,106.96272,2020-02-22T12:00:00,1,50.0
108340,-6.19855,106.89614,2020-02-22T12:00:00,1,49.0
108341,-6.17812,106.85548,2020-02-22T12:00:00,1,40.0
108342,-6.21936,106.84421,2020-02-22T12:00:00,1,63.0
108343,-6.22823,106.86637,2020-02-22T12:00:00,1,37.0
108344,-6.17847,106.86467,2020-02-22T12:00:00,1,80.0
108345,-6.20003,106.86645,2020-02-22T12:00:00,1,100.0
108346,-6.2444,106.87598,2020-02-22T12:00:00,1,77.0
108347,-6.21027,106.88629,2020-02-22T12:00:00,1,67.0
108348,-6.21944,106.87495,2020-02-22T12:00:00,1,102.0
108349,-6.21868,106.88514,2020-02-22T12:00:00,1,23.0
108350,-6.19834,106.94763,2020-02-22T12:00:00,1,11.0
108351,-6.19236,106.85141,2020-02-22T12:00:00,1,39.0
108354,-6.22491,106.87581,2020-02-22T12:00:00,1,27.0
108357,-6.18679,106.85416,2020-02-22T12:00:00,1,50.0
108358,-6.2337,106.85779,2020-02-22T12:00:00,1,39.0
108359,-6.23377,106.89322,2020-02-22T12:00:00,1,49.0
108360,-6.20666,106.87997,2020-02-22T12:00:00,1,50.0
108362,-6.19897,106.85647,2020-02-22T12:00:00,1,45.0
108363,-6.19173,106.85967,2020-02-22T12:00:00,1,45.0
108365,-6.16442,106.90669,2020-02-22T12:00:00,1,36.0
108366,-6.21458,106.85825,2020-02-22T12:00:00,1,119.0
108367,-6.21759,106.90328,2020-02-22T12:00:00,1,30.0
108368,-6.22705,106.85286,2020-02-22T12:00:00,1,55.0
108370,-6.23417,106.87498,2020-02-22T12:00:00,1,25.0
108371,-6.23378,106.9046,2020-02-22T12:00:00,1,70.0
108372,-6.19982,106.86631,2020-02-22T12:00:00,1,22.0
108373,-6.19901,106.86553,2020-02-22T12:00:00,1,48.0
108375,-6.18182,106.86645,2020-02-22T12:00:00,1,86.0
108376,-6.16762,106.84389,2020-02-22T12:00:00,1,44.0
108377,-6.21315,106.89388,2020-02-22T12:00:00,1,45.0
108378,-6.1854,106.8479,2020-02-22T12:00:00,1,50.0
108379,-6.14979,106.90845,2020-02-22T12:00:00,1,15.0
108380,-6.16776,106.90431,2020-02-22T12:00:00,1,36.0
108381,-6.20902,106.87682,2020-02-22T12:00:00,1,50.0
108382,-6.24037,106.90349,2020-02-22T12:00:00,1,25.0
108383,-6.18071,106.88249,2020-02-22T12:00:00,1,10.0
108384,-6.21171,106.89382,2020-02-22T12:00:00,1,44.0
108385,-6.21831,106.82184,2020-02-22T12:00:00,1,132.0
108386,-6.20503,106.94928,2020-02-22T12:00:00,1,30.0
108387,-6.20826,106.85345,2020-02-22T12:00:00,1,35.0
108388,-6.19876,106.896,2020-02-22T12:00:00,1,75.0
108389,-6.19791,106.8699,2020-02-22T12:00:00,1,53.0
108390,-6.20764,106.81202,2020-02-22T12:00:00,1,75.0
108391,-6.20433,106.86985,2020-02-22T12:00:00,1,81.0
108392,-6.17532,106.87422,2020-02-22T12:00:00,1,15.0
108393,-6.21728,106.90292,2020-02-22T12:00:00,1,87.0
108394,-6.18555,106.8692,2020-02-22T12:00:00,1,41.0
108395,-6.21812,106.89654,2020-02-22T12:00:00,1,195.0
108396,-6.20518,106.89622,2020-02-22T12:00:00,1,24.0
108397,-6.20907,106.87684,2020-02-22T12:00:00,1,43.0
108398,-6.19876,106.83408,2020-02-22T12:00:00,1,72.0
108399,-6.19948,106.86057,2020-02-22T12:00:00,1,40.0
108400,-6.18865,106.94659,2020-02-22T12:00:00,1,40.0
108402,-6.29085,106.83283,2020-02-22T12:00:00,1,43.0
108403,-6.21444,106.8576,2020-02-22T12:00:00,1,25.0
108404,-6.19745,106.87077,2020-02-22T12:00:00,1,50.0
108406,-6.21728,106.88021,2020-02-22T12:00:00,1,40.0
108407,-6.25166,106.87771,2020-02-22T12:00:00,1,53.0
108409,-6.18028,106.80596,2020-02-22T12:00:00,1,45.0
108411,-6.25381,106.87444,2020-02-22T12:00:00,1,60.0
108412,-6.19926,106.8338,2020-02-22T12:00:00,1,40.0
108413,-6.1744,106.87165,2020-02-22T12:00:00,1,42.0
108414,-6.18169,106.86195,2020-02-22T12:00:00,1,98.0
108415,-6.2349,106.89903,2020-02-22T12:00:00,1,20.0
108416,-6.24613,106.91126,2020-02-22T12:00:00,1,67.0
108417,-6.15259,106.90909,2020-02-22T12:00:00,1,23.0
108418,-6.17957,106.84792,2020-02-22T12:00:00,1,35.0
108419,-6.19462,106.88378,2020-02-22T12:00:00,1,14.0
108420,-6.17631,106.95042,2020-02-22T12:00:00,1,53.0
108421,-6.16864,106.90282,2020-02-22T12:00:00,1,51.0
108422,-6.17808,106.90369,2020-02-22T12:00:00,1,29.0
108423,-6.23493,106.88315,2020-02-22T12:00:00,1,47.0
108424,-6.18093,106.86534,2020-02-22T12:00:00,1,49.0
108426,-6.16078,106.89309,2020-02-22T12:00:00,1,36.0
108427,-6.2272,106.89509,2020-02-22T12:00:00,1,48.0
108428,-6.2074,106.92234,2020-02-22T12:00:00,1,66.0
108429,-6.2005,106.92276,2020-02-22T12:00:00,1,46.0
108430,-6.18703,106.86134,2020-02-22T12:00:00,1,36.0
108431,-6.19689,106.9488,2020-02-22T12:00:00,1,10.0
108433,-6.21831,106.88949,2020-02-22T12:00:00,1,35.0
108434,-6.20049,106.95137,2020-02-22T12:00:00,1,26.0
108437,-6.16138,106.90199,2020-02-22T12:00:00,1,30.0
108438,-6.21807,106.84266,2020-02-22T12:00:00,1,44.0
108439,-6.20721,106.8714,2020-02-22T12:00:00,1,59.0
108440,-6.15813,106.9604,2020-02-22T12:00:00,1,65.0
108441,-6.18883,106.87067,2020-02-22T12:00:00,1,46.0
108442,-6.23495,106.90873,2020-02-22T12:00:00,1,40.0
108444,-6.18043,106.93596,2020-02-22T12:00:00,1,50.0
108445,-6.1798,106.88412,2020-02-22T12:00:00,1,49.0
108446,-6.14576,106.90659,2020-02-22T12:00:00,1,33.0
108447,-6.19589,106.95378,2020-02-22T12:00:00,1,10.0
108449,-6.18358,106.90226,2020-02-22T12:00:00,1,30.0
108450,-6.18243,106.90207,2020-02-22T12:00:00,1,51.0
108451,-6.15139,106.90989,2020-02-22T12:00:00,1,55.0
108453,-6.19956,106.95085,2020-02-22T12:00:00,1,30.0
108454,-6.22647,106.85214,2020-02-22T12:00:00,1,60.0
108455,-6.20644,106.81107,2020-02-22T12:00:00,1,56.0
108456,-6.17341,106.9024,2020-02-22T12:00:00,1,32.0
108457,-6.15342,106.86202,2020-02-22T12:00:00,1,25.0
108458,-6.16332,106.84974,2020-02-22T12:00:00,1,25.0
108459,-6.18555,106.82839,2020-02-22T12:00:00,1,25.0
108460,-6.23363,106.88993,2020-02-22T12:00:00,1,30.0
108461,-6.179,106.96887,2020-02-22T12:00:00,1,30.0
108462,-6.21666,106.8805,2020-02-22T12:00:00,1,68.0
108466,-6.22157,106.85459,2020-02-22T12:00:00,1,41.0
108467,-6.18119,106.96903,2020-02-22T12:00:00,1,51.0
108468,-6.13658,106.92594,2020-02-22T12:00:00,1,63.0
108469,-6.144,106.91905,2020-02-22T12:00:00,1,35.0
108470,-6.17836,106.96938,2020-02-22T12:00:00,1,40.0
108471,-6.18077,106.89872,2020-02-22T12:00:00,1,60.0
108472,-6.17082,106.90864,2020-02-22T12:00:00,1,64.0
108473,-6.20206,106.89043,2020-02-22T12:00:00,1,50.0
108474,-6.17507,106.89713,2020-02-22T12:00:00,1,70.0
108475,-6.22011,106.84222,2020-02-22T12:00:00,1,44.0
108478,-6.19195,106.8777,2020-02-22T12:00:00,1,25.0
108480,-6.19291,106.87844,2020-02-22T12:00:00,1,30.0
108481,-6.19452,106.87578,2020-02-22T12:00:00,1,75.0
108482,-6.19995,106.94933,2020-02-22T12:00:00,1,40.0
108484,-6.20483,106.84447,2020-02-22T12:00:00,1,69.0
108486,-6.17875,106.94571,2020-02-22T12:00:00,1,22.0
108487,-6.19876,106.83408,2020-02-22T12:00:00,1,43.0
108488,-6.15672,106.92182,2020-02-22T12:00:00,1,60.0
108489,-6.18856,106.92016,2020-02-22T12:00:00,1,49.0
108490,-6.14589,106.90678,2020-02-22T12:00:00,1,55.0
108491,-6.17334,106.86992,2020-02-22T12:00:00,1,41.0
108492,-6.16019,106.91111,2020-02-22T12:00:00,1,39.0
108493,-6.144,106.91905,2020-02-22T12:00:00,1,50.0
108494,-6.19491,106.94749,2020-02-22T12:00:00,1,46.0
108495,-6.18213,106.86718,2020-02-22T12:00:00,1,96.0
108496,-6.18607,106.85527,2020-02-22T12:00:00,1,96.0
108497,-6.19077,106.86215,2020-02-22T12:00:00,1,15.0
108498,-6.19952,106.87027,2020-02-22T12:00:00,1,46.0
108499,-6.14307,106.91918,2020-02-22T12:00:00,1,60.0
108500,-6.16706,106.90285,2020-02-22T12:00:00,1,60.0
108501,-6.1387,106.77813,2020-02-22T12:00:00,1,50.0
108502,-6.14253,106.77639,2020-02-22T12:00:00,1,32.0
108503,-6.17558,106.96434,2020-02-22T12:00:00,1,19.0
108504,-6.15978,106.95632,2020-02-22T12:00:00,1,40.0
108506,-6.1569,106.89901,2020-02-22T12:00:00,1,47.0
108507,-6.2168,106.8779,2020-02-22T12:00:00,1,118.0
108508,-6.19818,106.8707,2020-02-22T12:00:00,1,100.0
108509,-6.18635,106.90156,2020-02-22T12:00:00,1,26.0
108511,-6.19759,106.8662,2020-02-22T12:00:00,1,64.0
108512,-6.19593,106.88912,2020-02-22T12:00:00,1,44.0
108513,-6.1527,106.95018,2020-02-23T12:00:00,1,89.0
108514,-6.16993,106.94975,2020-02-23T12:00:00,1,30.0
108515,-6.17823,106.88131,2020-02-23T12:00:00,1,24.0
108516,-6.23532,106.90123,2020-02-23T12:00:00,1,16.0
108517,-6.15844,106.9255,2020-02-23T12:00:00,1,42.0
108518,-6.19744,106.93864,2020-02-23T12:00:00,1,13.0
108519,-6.16961,106.91042,2020-02-23T12:00:00,1,21.0
108520,-6.18536,106.85598,2020-02-23T12:00:00,1,49.0
108521,-6.19724,106.94011,2020-02-23T12:00:00,1,60.0
108522,-6.157,106.88311,2020-02-23T12:00:00,1,88.0
108523,-6.17744,106.90434,2020-02-23T12:00:00,1,30.0
108524,-6.18253,106.8657,2020-02-23T12:00:00,1,40.0
108525,-6.26023,106.82748,2020-02-23T12:00:00,1,34.0
108526,-6.19689,106.9488,2020-02-23T12:00:00,1,30.0
108527,-6.26479,106.8806,2020-02-23T12:00:00,1,35.0
108528,-6.27651,106.87847,2020-02-23T12:00:00,1,50.0
108529,-6.17305,106.90467,2020-02-23T12:00:00,1,72.0
108530,-6.16915,106.91302,2020-02-23T12:00:00,1,50.0
108531,-6.16978,106.90365,2020-02-23T12:00:00,1,83.0
108532,-6.14832,106.91348,2020-02-23T12:00:00,1,51.0
108533,-6.26428,106.88006,2020-02-23T12:00:00,1,30.0
108534,-6.16296,106.94165,2020-02-23T12:00:00,1,134.0
108535,-6.18237,106.93077,2020-02-23T12:00:00,1,150.0
108536,-6.16876,106.90118,2020-02-23T12:00:00,1,44.0
108538,-6.16927,106.9059,2020-02-23T12:00:00,1,59.0
108539,-6.19843,106.94779,2020-02-23T12:00:00,1,50.0
108540,-6.17698,106.89394,2020-02-23T12:00:00,1,88.0
108541,-6.19453,106.94058,2020-02-23T12:00:00,1,81.0
108542,-6.15657,106.88496,2020-02-23T12:00:00,1,57.0
108543,-6.16982,106.86923,2020-02-23T12:00:00,1,50.0
108544,-6.20699,106.86907,2020-02-23T12:00:00,1,43.0
108545,-6.29354,106.87273,2020-02-23T12:00:00,1,47.0
108546,-6.1311,106.92384,2020-02-23T12:00:00,1,34.0
108547,-6.1764,106.89961,2020-02-23T12:00:00,1,50.0
108549,-6.26346,106.88243,2020-02-23T12:00:00,1,21.0
108550,-6.15967,106.92469,2020-02-23T12:00:00,1,39.0
108551,-6.22977,106.92099,2020-02-23T12:00:00,1,18.0
108552,-6.26741,106.87845,2020-02-23T12:00:00,1,54.0
108553,-6.14702,106.91045,2020-02-23T12:00:00,1,50.0
108554,-6.20421,106.87659,2020-02-23T12:00:00,1,31.0
108555,-6.16756,106.87131,2020-02-23T12:00:00,1,30.0
108556,-6.16028,106.95949,2020-02-23T12:00:00,1,47.0
108558,-6.15493,106.89549,2020-02-23T12:00:00,1,49.0
108559,-6.20912,106.90358,2020-02-23T12:00:00,1,70.0
108560,-6.19289,106.93398,2020-02-23T12:00:00,1,70.0
108562,-6.14178,106.77634,2020-02-23T12:00:00,1,70.0
108564,-6.27565,106.88411,2020-02-23T12:00:00,1,38.0
108566,-6.15274,106.89132,2020-02-23T12:00:00,1,125.0
108569,-6.20248,106.86986,2020-02-23T12:00:00,1,30.0
108570,-6.24751,106.90114,2020-02-23T12:00:00,1,25.0
108571,-6.16201,106.9052,2020-02-23T12:00:00,1,25.0
108575,-6.15747,106.88394,2020-02-23T12:00:00,1,104.0
108576,-6.18184,106.86524,2020-02-23T12:00:00,1,55.0
108577,-6.1393,106.91747,2020-02-23T12:00:00,1,80.0
108578,-6.15174,106.94894,2020-02-23T12:00:00,1,71.0
108580,-6.16887,106.90947,2020-02-23T12:00:00,1,40.0
108581,-6.1732,106.90141,2020-02-23T12:00:00,1,56.0
108582,-6.21043,106.83735,2020-02-23T12:00:00,1,98.0
108583,-6.14521,106.91027,2020-02-23T12:00:00,1,40.0
108584,-6.19926,106.8338,2020-02-23T12:00:00,1,46.0
108585,-6.19973,106.7872,2020-02-23T12:00:00,1,177.0
108586,-6.17359,106.90115,2020-02-23T12:00:00,1,50.0
108587,-6.15788,106.92336,2020-02-23T12:00:00,1,60.0
108588,-6.15592,106.9223,2020-02-23T12:00:00,1,54.0
108589,-6.16095,106.95323,2020-02-23T12:00:00,1,88.0
108591,-6.17444,106.88268,2020-02-23T12:00:00,1,100.0
108592,-6.13296,106.92544,2020-02-23T12:00:00,1,58.0
108593,-6.144,106.91905,2020-02-23T12:00:00,1,70.0
108594,-6.16624,106.9035,2020-02-23T12:00:00,1,54.0
108595,-6.13261,106.91961,2020-02-23T12:00:00,1,60.0
108596,-6.14895,106.90518,2020-02-23T12:00:00,1,54.0
108597,-6.19291,106.94641,2020-02-23T12:00:00,1,71.0
108599,-6.1768,106.88526,2020-02-23T12:00:00,1,50.0
108600,-6.10664,106.9367,2020-02-23T12:00:00,1,24.0
108601,-6.1076,106.93929,2020-02-23T12:00:00,1,41.0
108602,-6.1316,106.92571,2020-02-23T12:00:00,1,55.0
108603,-6.17636,106.87994,2020-02-23T12:00:00,1,80.0
108605,-6.1495,106.89872,2020-02-23T12:00:00,1,60.0
108606,-6.10915,106.93912,2020-02-23T12:00:00,1,41.0
108607,-6.16968,106.88307,2020-02-23T12:00:00,1,50.0
108608,-6.18043,106.89991,2020-02-23T12:00:00,1,74.0
108609,-6.19926,106.8338,2020-02-23T12:00:00,1,195.0
108610,-6.12762,106.91863,2020-02-23T12:00:00,1,29.0
108614,-6.15689,106.91296,2020-02-24T12:00:00,1,20.0
108617,-6.13801,106.95228,2020-02-24T12:00:00,1,44.0
108629,-6.16521,106.69325,2020-02-24T12:00:00,1,48.0
108630,-6.21456,106.85769,2020-02-24T12:00:00,1,45.0
108631,-6.21663,106.88049,2020-02-24T12:00:00,1,43.0
108632,-6.18028,106.80596,2020-02-24T12:00:00,1,15.0
108633,-6.2161,106.85911,2020-02-24T12:00:00,1,195.0
108634,-6.12794,106.9578,2020-02-24T12:00:00,1,49.0
108635,-6.29529,106.87607,2020-02-24T12:00:00,1,20.0
108637,-6.16716,106.75867,2020-02-24T12:00:00,1,40.0
108639,-6.19981,106.89757,2020-02-24T12:00:00,1,49.0
108640,-6.18068,106.85157,2020-02-24T12:00:00,1,18.0
108642,-6.23487,106.89353,2020-02-24T12:00:00,1,35.0
108644,-6.29488,106.88885,2020-02-24T12:00:00,1,88.0
108649,-6.16851,106.91498,2020-02-24T12:00:00,1,30.0
108651,-6.2182,106.90306,2020-02-24T12:00:00,1,40.0
108652,-6.18457,106.8992,2020-02-24T12:00:00,1,51.0
108654,-6.18169,106.92238,2020-02-24T12:00:00,1,80.0
108659,-6.18109,106.90034,2020-02-24T12:00:00,1,72.0
108660,-6.20223,106.95777,2020-02-24T12:00:00,1,42.0
108661,-6.18222,106.90285,2020-02-24T12:00:00,1,33.0
108662,-6.20857,106.81273,2020-02-24T12:00:00,1,46.0
108664,-6.17978,106.89999,2020-02-24T12:00:00,1,72.0
108669,-6.21324,106.91132,2020-02-24T12:00:00,1,30.0
108673,-6.22376,106.91204,2020-02-24T12:00:00,1,75.0
108675,-6.17985,106.8965,2020-02-24T12:00:00,1,75.0
108677,-6.23888,106.75969,2020-02-24T12:00:00,1,70.0
108680,-6.21537,106.94332,2020-02-24T12:00:00,1,16.0
108681,-6.29337,106.8745,2020-02-24T12:00:00,1,37.0
108682,-6.2571,106.90708,2020-02-24T12:00:00,1,95.0
108683,-6.14575,106.90642,2020-02-24T12:00:00,1,42.0
108684,-6.17932,106.90167,2020-02-24T12:00:00,1,50.0
108685,-6.24746,106.90224,2020-02-24T12:00:00,1,70.0
108686,-6.18243,106.90443,2020-02-24T12:00:00,1,48.0
108690,-6.20915,106.90354,2020-02-24T12:00:00,1,67.0
108693,-6.14677,106.91018,2020-02-24T12:00:00,1,40.0
108694,-6.21663,106.88048,2020-02-24T12:00:00,1,50.0
108697,-6.30319,106.87455,2020-02-24T12:00:00,1,127.0
108699,-6.24309,106.87654,2020-02-24T12:00:00,1,50.0
108702,-6.19717,106.94016,2020-02-24T12:00:00,1,23.0
108703,-6.20593,106.89374,2020-02-24T12:00:00,1,49.0
108705,-6.17471,106.91572,2020-02-24T12:00:00,1,30.0
108707,-6.16181,106.86513,2020-02-24T12:00:00,1,42.0
108709,-6.17279,106.90454,2020-02-24T12:00:00,1,41.0
108710,-6.16761,106.8558,2020-02-24T12:00:00,1,50.0
108711,-6.19926,106.8338,2020-02-24T12:00:00,1,58.0
108712,-6.16862,106.90286,2020-02-24T12:00:00,1,41.0
108713,-6.16999,106.93851,2020-02-24T12:00:00,1,50.0
108715,-6.16684,106.85138,2020-02-24T12:00:00,1,35.0
108717,-6.16551,106.85192,2020-02-24T12:00:00,1,69.0
108718,-6.16958,106.86434,2020-02-24T12:00:00,1,50.0
108719,-6.16996,106.93841,2020-02-24T12:00:00,1,54.0
108720,-6.31944,106.88056,2020-02-24T12:00:00,1,99.0
108721,-6.29339,106.87468,2020-02-24T12:00:00,1,50.0
108722,-6.16036,106.84286,2020-02-24T12:00:00,1,25.0
108723,-6.17521,106.89058,2020-02-24T12:00:00,1,24.0
108724,-6.26909,106.87945,2020-02-24T12:00:00,1,90.0
108725,-6.16783,106.85786,2020-02-24T12:00:00,1,21.0
108726,-6.15267,106.88716,2020-02-24T12:00:00,1,47.0
108727,-6.23541,106.81802,2020-02-24T12:00:00,1,49.0
108728,-6.21663,106.88048,2020-02-24T12:00:00,1,60.0
108729,-6.15076,106.88029,2020-02-24T12:00:00,1,19.0
108730,-6.19433,106.88567,2020-02-24T12:00:00,1,63.0
108731,-6.2188,106.90669,2020-02-24T12:00:00,1,34.0
108733,-6.14151,106.78197,2020-02-24T12:00:00,1,44.0
108734,-6.26351,106.88247,2020-02-24T12:00:00,1,50.0
108735,-6.19897,106.85648,2020-02-24T12:00:00,1,40.0
108736,-6.16586,106.84555,2020-02-24T12:00:00,1,63.0
108737,-6.14538,106.78833,2020-02-24T12:00:00,1,20.0
108738,-6.18121,106.85279,2020-02-24T12:00:00,1,50.0
108739,-6.19926,106.8338,2020-02-24T12:00:00,1,60.0
108741,-6.26287,106.87865,2020-02-24T12:00:00,1,100.0
108742,-6.15569,106.85226,2020-02-24T12:00:00,1,53.0
108743,-6.16632,106.86706,2020-02-24T12:00:00,1,60.0
108744,-6.185,106.92252,2020-02-24T12:00:00,1,58.0
108745,-6.15644,106.75662,2020-02-24T12:00:00,1,21.0
108746,-6.22104,106.8192,2020-02-24T12:00:00,1,20.0
108747,-6.22087,106.77472,2020-02-24T12:00:00,1,63.0
108748,-6.19173,106.85966,2020-02-24T12:00:00,1,39.0
108751,-6.17539,106.87065,2020-02-24T12:00:00,1,54.0
108752,-6.14859,106.90652,2020-02-24T12:00:00,1,20.0
108753,-6.20225,106.93789,2020-02-24T12:00:00,1,47.0
108754,-6.19876,106.89601,2020-02-24T12:00:00,1,61.0
108755,-6.21149,106.85463,2020-02-24T12:00:00,1,50.0
108756,-6.23348,106.9318,2020-02-24T12:00:00,1,71.0
108757,-6.33256,106.90002,2020-02-24T12:00:00,1,60.0
108758,-6.2634,106.88146,2020-02-24T12:00:00,1,61.0
108759,-6.23854,106.93105,2020-02-24T12:00:00,1,49.0
108761,-6.16226,106.84329,2020-02-24T12:00:00,1,18.0
108763,-6.29376,106.87338,2020-02-24T12:00:00,1,112.0
108764,-6.1856,106.82859,2020-02-24T12:00:00,1,28.0
108766,-6.23389,106.89104,2020-02-24T12:00:00,1,39.0
108767,-6.15767,106.88423,2020-02-24T12:00:00,1,54.0
108768,-6.13473,106.74087,2020-02-24T12:00:00,1,30.0
108769,-6.17922,106.87002,2020-02-24T12:00:00,1,24.0
108772,-6.1764,106.75314,2020-02-24T12:00:00,1,107.0
108773,-6.15185,106.83996,2020-02-24T12:00:00,1,30.0
108777,-6.241,106.82073,2020-02-24T12:00:00,1,87.0
108779,-6.18936,106.8909,2020-02-24T12:00:00,1,84.0
108780,-6.1909,106.87101,2020-02-24T12:00:00,1,55.0
108781,-6.17858,106.87227,2020-02-24T12:00:00,1,20.0
108782,-6.14543,106.82463,2020-02-24T12:00:00,1,48.0
108783,-6.20038,106.89195,2020-02-24T12:00:00,1,37.0
108784,-6.18674,106.86073,2020-02-24T12:00:00,1,28.0
108785,-6.25191,106.88117,2020-02-24T12:00:00,1,60.0
108786,-6.17083,106.90985,2020-02-24T12:00:00,1,50.0
108789,-6.17217,106.82284,2020-02-24T12:00:00,1,17.0
108790,-6.16035,106.84414,2020-02-24T12:00:00,1,14.0
108791,-6.16982,106.87267,2020-02-24T12:00:00,1,61.0
108792,-6.17519,106.87417,2020-02-24T12:00:00,1,49.0
108793,-6.25611,106.82455,2020-02-24T12:00:00,1,112.0
108795,-6.18028,106.80596,2020-02-24T12:00:00,1,50.0
108797,-6.25124,106.82367,2020-02-24T12:00:00,1,19.0
108799,-6.19926,106.83517,2020-02-24T12:00:00,1,49.0
108801,-6.20227,106.86696,2020-02-24T12:00:00,1,33.0
108802,-6.25829,106.86089,2020-02-24T12:00:00,1,48.0
108803,-6.20458,106.82,2020-02-24T12:00:00,1,75.0
108804,-6.21901,106.91848,2020-02-24T12:00:00,1,65.0
108805,-6.21299,106.91109,2020-02-24T12:00:00,1,34.0
108806,-6.18767,106.85307,2020-02-24T12:00:00,1,42.0
108807,-6.16556,106.83074,2020-02-24T12:00:00,1,18.0
108808,-6.16729,106.84262,2020-02-24T12:00:00,1,45.0
108809,-6.2458,106.82189,2020-02-24T12:00:00,1,52.0
108810,-6.19897,106.85647,2020-02-24T12:00:00,1,44.0
108812,-6.17811,106.82074,2020-02-24T12:00:00,1,28.0
108813,-6.16906,106.88227,2020-02-24T12:00:00,1,50.0
108814,-6.15534,106.74057,2020-02-24T12:00:00,1,49.0
108815,-6.19947,106.87017,2020-02-24T12:00:00,1,47.0
108816,-6.15689,106.82477,2020-02-24T12:00:00,1,16.0
108817,-6.18065,106.84121,2020-02-24T12:00:00,1,20.0
108818,-6.1826,106.86069,2020-02-24T12:00:00,1,40.0
108819,-6.2016,106.90022,2020-02-24T12:00:00,1,60.0
108820,-6.32264,106.8823,2020-02-24T12:00:00,1,80.0
108821,-6.19549,106.94701,2020-02-24T12:00:00,1,50.0
108823,-6.18038,106.86627,2020-02-24T12:00:00,1,95.0
108826,-6.16342,106.82942,2020-02-24T12:00:00,1,51.0
108827,-6.30329,106.87461,2020-02-24T12:00:00,1,128.0
108828,-6.16129,106.81586,2020-02-24T12:00:00,1,30.0
108829,-6.14848,106.83591,2020-02-24T12:00:00,1,44.0
108830,-6.22713,106.94526,2020-02-24T12:00:00,1,69.0
108831,-6.15812,106.91239,2020-02-24T12:00:00,1,40.0
108832,-6.16993,106.80177,2020-02-24T12:00:00,1,57.0
108833,-6.16895,106.90309,2020-02-24T12:00:00,1,34.0
108834,-6.20352,106.93685,2020-02-24T12:00:00,1,30.0
108836,-6.2523,106.87824,2020-02-24T12:00:00,1,35.0
108838,-6.15478,106.85528,2020-02-24T12:00:00,1,59.0
108839,-6.19218,106.90601,2020-02-24T12:00:00,1,30.0
108840,-6.19997,106.85354,2020-02-24T12:00:00,1,40.0
108843,-6.14886,106.80057,2020-02-24T12:00:00,1,17.0
108846,-6.2065,106.9498,2020-02-24T12:00:00,1,76.0
108847,-6.18892,106.89093,2020-02-24T12:00:00,1,48.0
108849,-6.21296,106.91095,2020-02-24T12:00:00,1,70.0
108851,-6.31721,106.91471,2020-02-24T12:00:00,1,54.0
108852,-6.1423,106.95079,2020-02-24T12:00:00,1,51.0
108853,-6.16001,106.72159,2020-02-24T12:00:00,1,125.0
108854,-6.2786,106.88383,2020-02-24T12:00:00,1,67.0
108857,-6.22871,106.85899,2020-02-24T12:00:00,1,24.0
108858,-6.15939,106.75898,2020-02-24T12:00:00,1,121.0
108859,-6.14786,106.79016,2020-02-24T12:00:00,1,50.0
108860,-6.15555,106.85475,2020-02-24T12:00:00,1,50.0
108862,-6.15745,106.81222,2020-02-24T12:00:00,1,16.0
108864,-6.20126,106.90033,2020-02-24T12:00:00,1,29.0
108865,-6.23451,106.90258,2020-02-24T12:00:00,1,39.0
108866,-6.25298,106.88147,2020-02-24T12:00:00,1,100.0
108867,-6.19328,106.882,2020-02-24T12:00:00,1,30.0
108868,-6.15909,106.86191,2020-02-24T12:00:00,1,25.0
108870,-6.25637,106.88417,2020-02-24T12:00:00,1,100.0
108871,-6.20545,106.81065,2020-02-24T12:00:00,1,141.0
108872,-6.26245,106.84548,2020-02-24T12:00:00,1,20.0
108873,-6.1147,106.77101,2020-02-24T12:00:00,1,29.0
108874,-6.15469,106.86208,2020-02-24T12:00:00,1,69.0
108877,-6.16315,106.82537,2020-02-24T12:00:00,1,30.0
108878,-6.18734,106.85677,2020-02-24T12:00:00,1,71.0
108880,-6.12539,106.81101,2020-02-24T12:00:00,1,41.0
108881,-6.14145,106.85117,2020-02-24T12:00:00,1,12.0
108885,-6.2363,106.76076,2020-02-24T12:00:00,1,50.0
108888,-6.19851,106.76337,2020-02-24T12:00:00,1,51.0
108889,-6.2035,106.90836,2020-02-24T12:00:00,1,73.0
108890,-6.23625,106.76077,2020-02-24T12:00:00,1,50.0
108891,-6.16872,106.78853,2020-02-24T12:00:00,1,61.0
108892,-6.20476,106.87716,2020-02-24T12:00:00,1,50.0
108893,-6.15964,106.92735,2020-02-24T12:00:00,1,50.0
108894,-6.16674,106.90924,2020-02-24T12:00:00,1,70.0
108897,-6.26607,106.88218,2020-02-24T12:00:00,1,95.0
108899,-6.19387,106.86998,2020-02-24T12:00:00,1,71.0
108900,-6.14102,106.81897,2020-02-24T12:00:00,1,48.0
108904,-6.18275,106.84458,2020-02-24T12:00:00,1,28.0
108905,-6.19933,106.85425,2020-02-24T12:00:00,1,43.0
108906,-6.21766,106.90419,2020-02-24T12:00:00,1,20.0
108909,-6.19876,106.83408,2020-02-24T12:00:00,1,30.0
108911,-6.15854,106.85866,2020-02-24T12:00:00,1,48.0
108912,-6.15439,106.87436,2020-02-24T12:00:00,1,41.0
108914,-6.14671,106.91108,2020-02-24T12:00:00,1,55.0
108917,-6.15441,106.87277,2020-02-24T12:00:00,1,30.0
108919,-6.18437,106.82115,2020-02-24T12:00:00,1,34.0
108920,-6.22115,106.90616,2020-02-24T12:00:00,1,99.0
108921,-6.14198,106.74707,2020-02-24T12:00:00,1,35.0
108922,-6.20257,106.91765,2020-02-24T12:00:00,1,47.0
108923,-6.15144,106.84056,2020-02-24T12:00:00,1,25.0
108925,-6.13289,106.80305,2020-02-24T12:00:00,1,35.0
108927,-6.22641,106.85225,2020-02-24T12:00:00,1,68.0
108928,-6.13822,106.8259,2020-02-24T12:00:00,1,30.0
108929,-6.1982,106.87072,2020-02-24T12:00:00,1,60.0
108930,-6.2082,106.81078,2020-02-24T12:00:00,1,60.0
108931,-6.17054,106.8011,2020-02-24T12:00:00,1,51.0
108932,-6.13665,106.82764,2020-02-24T12:00:00,1,23.0
108933,-6.24901,106.90248,2020-02-24T12:00:00,1,98.0
108934,-6.20344,106.82436,2020-02-24T12:00:00,1,36.0
108935,-6.14644,106.92281,2020-02-24T12:00:00,1,20.0
108936,-6.17203,106.85244,2020-02-24T12:00:00,1,16.0
108937,-6.17633,106.77436,2020-02-24T12:00:00,1,11.0
108938,-6.31631,106.90066,2020-02-24T12:00:00,1,33.0
108939,-6.21163,106.81218,2020-02-24T12:00:00,1,42.0
108941,-6.12978,106.84439,2020-02-24T12:00:00,1,43.0
108943,-6.24023,106.9311,2020-02-24T12:00:00,1,85.0
108945,-6.14867,106.80371,2020-02-24T12:00:00,1,39.0
108947,-6.19876,106.83408,2020-02-24T12:00:00,1,30.0
108948,-6.13238,106.9245,2020-02-24T12:00:00,1,50.0
108950,-6.17119,106.89682,2020-02-24T12:00:00,1,23.0
108952,-6.15413,106.86178,2020-02-25T12:00:00,1,61.0
108953,-6.14812,106.84069,2020-02-25T12:00:00,1,18.0
108954,-6.14145,106.76612,2020-02-25T12:00:00,1,15.0
108957,-6.25418,106.82445,2020-02-25T12:00:00,1,129.0
108958,-6.25073,106.8101,2020-02-25T12:00:00,1,33.0
108960,-6.25538,106.80888,2020-02-25T12:00:00,1,28.0
108961,-6.23284,106.93118,2020-02-25T12:00:00,1,30.0
108964,-6.14028,106.94057,2020-02-25T12:00:00,1,23.0
108967,-6.24775,106.81008,2020-02-25T12:00:00,1,38.0
108968,-6.32701,106.89427,2020-02-25T12:00:00,1,57.0
108969,-6.17532,106.82274,2020-02-25T12:00:00,1,40.0
108973,-6.19926,106.8338,2020-02-25T12:00:00,1,50.0
108974,-6.16116,106.7899,2020-02-25T12:00:00,1,42.0
108977,-6.16361,106.87206,2020-02-25T12:00:00,1,58.0
108978,-6.21774,106.87674,2020-02-25T12:00:00,1,80.0
108980,-6.13642,106.84466,2020-02-25T12:00:00,1,22.0
108981,-6.16399,106.78814,2020-02-25T12:00:00,1,59.0
108982,-6.14448,106.8116,2020-02-25T12:00:00,1,15.0
108984,-6.19208,106.87753,2020-02-25T12:00:00,1,40.0
108985,-6.19364,106.8488,2020-02-25T12:00:00,1,20.0
108986,-6.16353,106.79474,2020-02-25T12:00:00,1,26.0
108989,-6.20876,106.96298,2020-02-25T12:00:00,1,49.0
108990,-6.2087,106.78031,2020-02-25T12:00:00,1,65.0
108991,-6.15651,106.81515,2020-02-25T12:00:00,1,34.0
108992,-6.2292,106.8073,2020-02-25T12:00:00,1,50.0
108993,-6.18033,106.9012,2020-02-25T12:00:00,1,71.0
108994,-6.22896,106.8234,2020-02-25T12:00:00,1,27.0
108995,-6.17374,106.91013,2020-02-25T12:00:00,1,45.0
108997,-6.17424,106.73894,2020-02-25T12:00:00,1,23.0
108998,-6.14675,106.78234,2020-02-25T12:00:00,1,32.0
108999,-6.16344,106.746,2020-02-25T12:00:00,1,27.0
109001,-6.15678,106.75613,2020-02-25T12:00:00,1,44.0
109002,-6.18726,106.75853,2020-02-25T12:00:00,1,50.0
109003,-6.23072,106.92667,2020-02-25T12:00:00,1,75.0
109004,-6.19796,106.76896,2020-02-25T12:00:00,1,38.0
109005,-6.15032,106.8564,2020-02-25T12:00:00,1,95.0
109007,-6.22049,106.81776,2020-02-25T12:00:00,1,42.0
109008,-6.18652,106.72127,2020-02-25T12:00:00,1,49.0
109009,-6.19868,106.89841,2020-02-25T12:00:00,1,38.0
109012,-6.16978,106.76869,2020-02-25T12:00:00,1,46.0
109013,-6.11418,106.8044,2020-02-25T12:00:00,1,57.0
109014,-6.16383,106.74588,2020-02-25T12:00:00,1,24.0
109016,-6.14586,106.83757,2020-02-25T12:00:00,1,64.0
109018,-6.24876,106.82229,2020-02-25T12:00:00,1,82.0
109019,-6.19604,106.88894,2020-02-25T12:00:00,1,50.0
109020,-6.18674,106.82893,2020-02-25T12:00:00,1,30.0
109022,-6.18352,106.79207,2020-02-25T12:00:00,1,60.0
109025,-6.20009,106.8562,2020-02-25T12:00:00,1,35.0
109026,-6.11273,106.77904,2020-02-25T12:00:00,1,12.0
109027,-6.15343,106.86202,2020-02-25T12:00:00,1,60.0
109028,-6.19959,106.86466,2020-02-25T12:00:00,1,22.0
109029,-6.23297,106.87214,2020-02-25T12:00:00,1,20.0
109030,-6.24437,106.87598,2020-02-25T12:00:00,1,58.0
109032,-6.14579,106.9065,2020-02-25T12:00:00,1,52.0
109033,-6.18196,106.79867,2020-02-25T12:00:00,1,49.0
109034,-6.23501,106.88881,2020-02-25T12:00:00,1,50.0
109036,-6.14894,106.79638,2020-02-25T12:00:00,1,32.0
109037,-6.13296,106.73846,2020-02-25T12:00:00,1,69.0
109039,-6.16931,106.90577,2020-02-25T12:00:00,1,59.0
109040,-6.17375,106.90305,2020-02-25T12:00:00,1,50.0
109042,-6.18526,106.82503,2020-02-25T12:00:00,1,33.0
109043,-6.24612,106.86385,2020-02-25T12:00:00,1,195.0
109045,-6.15935,106.79069,2020-02-25T12:00:00,1,68.0
109046,-6.16321,106.92126,2020-02-25T12:00:00,1,50.0
109048,-6.24183,106.8144,2020-02-25T12:00:00,1,90.0
109049,-6.20779,106.90428,2020-02-25T12:00:00,1,108.0
109051,-6.15233,106.81755,2020-02-25T12:00:00,1,60.0
109052,-6.27829,106.80976,2020-02-25T12:00:00,1,96.0
109053,-6.21137,106.93348,2020-02-25T12:00:00,1,79.0
109054,-6.16217,106.88158,2020-02-25T12:00:00,1,15.0
109055,-6.27682,106.81439,2020-02-25T12:00:00,1,38.0
109057,-6.11413,106.86829,2020-02-25T12:00:00,1,21.0
109059,-6.15434,106.84595,2020-02-25T12:00:00,1,44.0
109061,-6.14429,106.84132,2020-02-25T12:00:00,1,30.0
109062,-6.15616,106.8719,2020-02-25T12:00:00,1,35.0
109063,-6.25095,106.82357,2020-02-25T12:00:00,1,28.0
109064,-6.19363,106.89076,2020-02-25T12:00:00,1,45.0
109065,-6.15992,106.86334,2020-02-25T12:00:00,1,46.0
109066,-6.18008,106.83123,2020-02-25T12:00:00,1,32.0
109067,-6.16883,106.83838,2020-02-25T12:00:00,1,40.0
109068,-6.17531,106.74033,2020-02-25T12:00:00,1,13.0
109069,-6.1974,106.86881,2020-02-25T12:00:00,1,60.0
109070,-6.15951,106.86646,2020-02-25T12:00:00,1,42.0
109071,-6.23786,106.93277,2020-02-25T12:00:00,1,97.0
109072,-6.28336,106.87981,2020-02-25T12:00:00,1,80.0
109073,-6.18287,106.83031,2020-02-25T12:00:00,1,39.0
109074,-6.17443,106.90314,2020-02-25T12:00:00,1,66.0
109076,-6.24203,106.91427,2020-02-25T12:00:00,1,71.0
109077,-6.14816,106.77453,2020-02-25T12:00:00,1,105.0
109078,-6.1281,106.82783,2020-02-25T12:00:00,1,36.0
109079,-6.15209,106.90642,2020-02-25T12:00:00,1,40.0
109080,-6.13673,106.83736,2020-02-25T12:00:00,1,31.0
109081,-6.19965,106.85637,2020-02-25T12:00:00,1,79.0
109082,-6.19731,106.87002,2020-02-25T12:00:00,1,61.0
109084,-6.14942,106.82789,2020-02-25T12:00:00,1,40.0
109087,-6.24682,106.82083,2020-02-25T12:00:00,1,64.0
109088,-6.25148,106.87702,2020-02-25T12:00:00,1,86.0
109089,-6.13593,106.7807,2020-02-25T12:00:00,1,53.0
109090,-6.14306,106.77795,2020-02-25T12:00:00,1,53.0
109091,-6.17744,106.88574,2020-02-25T12:00:00,1,97.0
109092,-6.17375,106.78783,2020-02-25T12:00:00,1,50.0
109096,-6.17778,106.80785,2020-02-25T12:00:00,1,44.0
109098,-6.13585,106.83225,2020-02-25T12:00:00,1,53.0
109100,-6.16122,106.83529,2020-02-25T12:00:00,1,80.0
109101,-6.19108,106.83822,2020-02-25T12:00:00,1,21.0
109102,-6.17401,106.90399,2020-02-25T12:00:00,1,65.0
109104,-6.17344,106.90318,2020-02-25T12:00:00,1,70.0
109105,-6.13045,106.73635,2020-02-25T12:00:00,1,48.0
109108,-6.13592,106.82844,2020-02-25T12:00:00,1,50.0
109109,-6.16784,106.91316,2020-02-25T12:00:00,1,34.0
109110,-6.20375,106.94612,2020-02-25T12:00:00,1,89.0
109114,-6.16437,106.82276,2020-02-25T12:00:00,1,50.0
109117,-6.22621,106.86374,2020-02-25T12:00:00,1,79.0
109118,-6.20778,106.94772,2020-02-25T12:00:00,1,82.0
109119,-6.21966,106.90322,2020-02-25T12:00:00,1,49.0
109120,-6.15813,106.91239,2020-02-25T12:00:00,1,37.0
109122,-6.22833,106.86281,2020-02-25T12:00:00,1,58.0
109125,-6.28235,106.87573,2020-02-25T12:00:00,1,36.0
109128,-6.23997,106.81482,2020-02-25T12:00:00,1,35.0
109131,-6.1718,106.77327,2020-02-25T12:00:00,1,10.0
109132,-6.18814,106.85137,2020-02-25T12:00:00,1,73.0
109133,-6.15843,106.76419,2020-02-25T12:00:00,1,85.0
109134,-6.22135,106.85401,2020-02-25T12:00:00,1,48.0
109138,-6.29587,106.85894,2020-02-25T12:00:00,1,39.0
109139,-6.15372,106.86708,2020-02-25T12:00:00,1,33.0
109141,-6.20765,106.8292,2020-02-25T12:00:00,1,38.0
109142,-6.23583,106.82074,2020-02-25T12:00:00,1,100.0
109143,-6.27864,106.81218,2020-02-25T12:00:00,1,36.0
109144,-6.16856,106.78769,2020-02-25T12:00:00,1,54.0
109145,-6.17776,106.87642,2020-02-25T12:00:00,1,109.0
109146,-6.17013,106.78461,2020-02-25T12:00:00,1,37.0
109147,-6.1692,106.78434,2020-02-25T12:00:00,1,20.0
109149,-6.21301,106.81224,2020-02-25T12:00:00,1,42.0
109150,-6.17492,106.89277,2020-02-25T12:00:00,1,35.0
109151,-6.29576,106.90968,2020-02-25T12:00:00,1,30.0
109152,-6.1528,106.84418,2020-02-25T12:00:00,1,35.0
109153,-6.16261,106.82254,2020-02-25T12:00:00,1,45.0
109154,-6.33305,106.90056,2020-02-25T12:00:00,1,38.0
109155,-6.16691,106.90276,2020-02-25T12:00:00,1,73.0
109156,-6.24844,106.81562,2020-02-25T12:00:00,1,1.0
109158,-6.1425,106.81066,2020-02-25T12:00:00,1,50.0
109160,-6.1781,106.8809,2020-02-25T12:00:00,1,38.0
109162,-6.28294,106.86754,2020-02-25T12:00:00,1,41.0
109165,-6.14647,106.83529,2020-02-25T12:00:00,1,77.0
109166,-6.23381,106.89311,2020-02-25T12:00:00,1,80.0
109167,-6.27309,106.83774,2020-02-25T12:00:00,1,77.0
109168,-6.25116,106.87702,2020-02-25T12:00:00,1,90.0
109170,-6.1572,106.92086,2020-02-25T12:00:00,1,50.0
109171,-6.1676,106.76828,2020-02-25T12:00:00,1,20.0
109172,-6.24769,106.90506,2020-02-25T12:00:00,1,97.0
109174,-6.17135,106.77459,2020-02-25T12:00:00,1,20.0
109175,-6.20846,106.94442,2020-02-25T12:00:00,1,76.0
109176,-6.2152,106.90404,2020-02-25T12:00:00,1,64.0
109178,-6.17036,106.78674,2020-02-25T12:00:00,1,52.0
109179,-6.21878,106.90668,2020-02-25T12:00:00,1,49.0
109181,-6.20852,106.94453,2020-02-25T12:00:00,1,51.0
109182,-6.24732,106.91441,2020-02-25T12:00:00,1,45.0
109184,-6.1327,106.84677,2020-02-25T12:00:00,1,45.0
109185,-6.15583,106.90844,2020-02-25T12:00:00,1,40.0
109186,-6.19876,106.83408,2020-02-25T12:00:00,1,43.0
109188,-6.32181,106.87903,2020-02-25T12:00:00,1,39.0
109189,-6.18837,106.87041,2020-02-25T12:00:00,1,36.0
109190,-6.1708,106.77364,2020-02-25T12:00:00,1,23.0
109191,-6.15336,106.86199,2020-02-25T12:00:00,1,66.0
109192,-6.15225,106.71812,2020-02-25T12:00:00,1,26.0
109194,-6.31547,106.91501,2020-02-25T12:00:00,1,28.0
109195,-6.21059,106.7207,2020-02-25T12:00:00,1,41.0
109196,-6.23476,106.86353,2020-02-25T12:00:00,1,61.0
109197,-6.13135,106.92373,2020-02-25T12:00:00,1,50.0
109200,-6.27909,106.85701,2020-02-25T12:00:00,1,37.0
109202,-6.21933,106.84318,2020-02-25T12:00:00,1,50.0
109203,-6.15553,106.85215,2020-02-25T12:00:00,1,46.0
109204,-6.17301,106.75065,2020-02-25T12:00:00,1,55.0
109206,-6.29096,106.86763,2020-02-25T12:00:00,1,30.0
109207,-6.26766,106.8331,2020-02-25T12:00:00,1,77.0
109209,-6.27821,106.84562,2020-02-25T12:00:00,1,45.0
109210,-6.17468,106.91589,2020-02-25T12:00:00,1,79.0
109211,-6.15025,106.83396,2020-02-25T12:00:00,1,48.0
109212,-6.17363,106.78959,2020-02-25T12:00:00,1,51.0
109213,-6.20706,106.83224,2020-02-25T12:00:00,1,31.0
109214,-6.16774,106.77696,2020-02-25T12:00:00,1,50.0
109215,-6.21187,106.85821,2020-02-25T12:00:00,1,86.0
109216,-6.21453,106.81321,2020-02-25T12:00:00,1,40.0
109217,-6.19793,106.80572,2020-02-25T12:00:00,1,50.0
109219,-6.19306,106.80844,2020-02-25T12:00:00,1,137.0
109220,-6.31629,106.9149,2020-02-25T12:00:00,1,55.0
109221,-6.18414,106.82593,2020-02-25T12:00:00,1,44.0
109222,-6.31905,106.91567,2020-02-25T12:00:00,1,118.0
109223,-6.13956,106.77318,2020-02-25T12:00:00,1,83.0
109224,-6.15445,106.91619,2020-02-25T12:00:00,1,48.0
109225,-6.26741,106.81415,2020-02-25T12:00:00,1,19.0
109226,-6.23488,106.89474,2020-02-25T12:00:00,1,91.0
109227,-6.13902,106.76328,2020-02-25T12:00:00,1,59.0
109228,-6.16024,106.83442,2020-02-25T12:00:00,1,45.0
109231,-6.16863,106.84386,2020-02-25T12:00:00,1,50.0
109232,-6.1671,106.91242,2020-02-25T12:00:00,1,45.0
109233,-6.15939,106.78489,2020-02-25T12:00:00,1,19.0
109234,-6.14423,106.89673,2020-02-25T12:00:00,1,30.0
109236,-6.15212,106.83348,2020-02-25T12:00:00,1,51.0
109237,-6.16141,106.87027,2020-02-25T12:00:00,1,64.0
109240,-6.16577,106.76297,2020-02-25T12:00:00,1,71.0
109241,-6.16046,106.82696,2020-02-25T12:00:00,1,45.0
109242,-6.23427,106.91302,2020-02-25T12:00:00,1,50.0
109244,-6.20933,106.80882,2020-02-25T12:00:00,1,49.0
109245,-6.16129,106.74619,2020-02-25T12:00:00,1,21.0
109246,-6.12313,106.81267,2020-02-25T12:00:00,1,47.0
109247,-6.27273,106.81304,2020-02-25T12:00:00,1,48.0
109248,-6.21249,106.8123,2020-02-25T12:00:00,1,92.0
109249,-6.14089,106.81904,2020-02-25T12:00:00,1,45.0
109250,-6.15982,106.82669,2020-02-25T12:00:00,1,43.0
109252,-6.17512,106.92305,2020-02-25T12:00:00,1,90.0
109254,-6.16469,106.9065,2020-02-25T12:00:00,1,80.0
109255,-6.29271,106.90277,2020-02-25T12:00:00,1,26.0
109256,-6.16954,106.90388,2020-02-25T12:00:00,1,59.0
109259,-6.18585,106.78415,2020-02-25T12:00:00,1,60.0
109261,-6.14597,106.90825,2020-02-25T12:00:00,1,36.0
109263,-6.16402,106.7891,2020-02-25T12:00:00,1,96.0
109266,-6.23011,106.8171,2020-02-25T12:00:00,1,20.0
109267,-6.13537,106.93674,2020-02-25T12:00:00,1,64.0
109268,-6.12907,106.8401,2020-02-25T12:00:00,1,30.0
109270,-6.15569,106.77344,2020-02-25T12:00:00,1,28.0
109271,-6.1768,106.89974,2020-02-25T12:00:00,1,50.0
109273,-6.16537,106.91861,2020-02-25T12:00:00,1,44.0
109274,-6.15765,106.81882,2020-02-25T12:00:00,1,37.0
109275,-6.13248,106.80271,2020-02-25T12:00:00,1,10.0
109276,-6.18316,106.92119,2020-02-25T12:00:00,1,48.0
109277,-6.18536,106.78418,2020-02-25T12:00:00,1,50.0
109278,-6.16024,106.76033,2020-02-25T12:00:00,1,112.0
109279,-6.22358,106.83736,2020-02-25T12:00:00,1,55.0
109280,-6.15329,106.86677,2020-02-25T12:00:00,1,20.0
109281,-6.17142,106.77696,2020-02-25T12:00:00,1,52.0
109284,-6.14216,106.90472,2020-02-25T12:00:00,1,41.0
109285,-6.18572,106.82835,2020-02-25T12:00:00,1,35.0
109286,-6.18537,106.86799,2020-02-25T12:00:00,1,54.0
109287,-6.2922,106.86563,2020-02-25T12:00:00,1,30.0
109288,-6.18196,106.90274,2020-02-25T12:00:00,1,60.0
109290,-6.19115,106.92078,2020-02-25T12:00:00,1,37.0
109291,-6.16668,106.87528,2020-02-25T12:00:00,1,30.0
109293,-6.17391,106.77955,2020-02-25T12:00:00,1,81.0
109294,-6.16077,106.88237,2020-02-25T12:00:00,1,51.0
109295,-6.31695,106.88217,2020-02-25T12:00:00,1,96.0
109296,-6.19003,106.86364,2020-02-25T12:00:00,1,45.0
109297,-6.15119,106.88971,2020-02-25T12:00:00,1,60.0
109298,-6.14754,106.82122,2020-02-25T12:00:00,1,36.0
109299,-6.17956,106.83221,2020-02-25T12:00:00,1,30.0
109300,-6.1698,106.76867,2020-02-25T12:00:00,1,54.0
109301,-6.24233,106.82024,2020-02-25T12:00:00,1,48.0
109303,-6.16053,106.872,2020-02-25T12:00:00,1,34.0
109304,-6.24825,106.82103,2020-02-25T12:00:00,1,62.0
109305,-6.11026,106.77885,2020-02-25T12:00:00,1,50.0
109308,-6.1691,106.90914,2020-02-25T12:00:00,1,23.0
109309,-6.1751,106.84719,2020-02-25T12:00:00,1,40.0
109310,-6.17178,106.80806,2020-02-25T12:00:00,1,9.0
109311,-6.1663,106.74017,2020-02-25T12:00:00,1,19.0
109312,-6.23501,106.89018,2020-02-25T12:00:00,1,43.0
109313,-6.17451,106.77369,2020-02-25T12:00:00,1,30.0
109314,-6.22224,106.81794,2020-02-25T12:00:00,1,38.0
109315,-6.15506,106.8932,2020-02-25T12:00:00,1,49.0
109318,-6.11464,106.71215,2020-02-25T12:00:00,1,44.0
109319,-6.16488,106.83671,2020-02-25T12:00:00,1,40.0
109321,-6.15929,106.74659,2020-02-25T12:00:00,1,47.0
109322,-6.24597,106.81068,2020-02-25T12:00:00,1,41.0
109327,-6.21935,106.81399,2020-02-25T12:00:00,1,1.0
109328,-6.23415,106.91342,2020-02-25T12:00:00,1,55.0
109329,-6.18303,106.77893,2020-02-25T12:00:00,1,39.0
109330,-6.1674,106.91458,2020-02-25T12:00:00,1,61.0
109331,-6.21755,106.71982,2020-02-25T12:00:00,1,60.0
140278,-6.13498,106.78325,2020-02-25T12:00:00,1,48.0
141012,-6.26201,106.85538,2020-02-25T12:00:00,1,195.0
142178,-6.13322,106.77268,2020-02-25T12:00:00,1,42.0
143436,-6.11178,106.77152,2020-02-25T12:00:00,1,46.0
143945,-6.18013,106.89671,2020-02-25T12:00:00,1,80.0
144618,-6.13863,106.77423,2020-02-26T12:00:00,1,101.0
144685,-6.16627,106.74003,2020-02-26T12:00:00,1,23.0
144980,-6.15762,106.92094,2020-02-26T12:00:00,1,30.0
146160,-6.19926,106.83517,2020-02-26T12:00:00,1,60.0
146405,-6.14838,106.91202,2020-02-26T12:00:00,1,60.0
147668,-6.1285,106.92298,2020-02-26T12:00:00,1,30.0
149040,-6.24376,106.94263,2020-02-26T12:00:00,1,73.0
151616,-6.13141,106.77794,2020-02-26T12:00:00,1,115.0
155593,-6.13751,106.78113,2020-02-26T12:00:00,1,51.0
156718,-6.13625,106.7821,2020-02-26T12:00:00,1,50.0
158865,-6.18515,106.72974,2020-02-26T12:00:00,1,18.0
159241,-6.13684,106.78212,2020-02-26T12:00:00,1,53.0
160792,-6.28599,106.87353,2020-02-26T12:00:00,1,126.0
162939,-6.19819,106.94641,2020-02-26T12:00:00,1,50.0
165248,-6.21848,106.82184,2020-02-26T12:00:00,1,49.0
166266,-6.20079,106.85978,2020-02-27T12:00:00,1,41.0
168143,-6.27356,106.88191,2020-02-27T12:00:00,1,136.0
168312,-6.21833,106.82378,2020-02-27T12:00:00,1,24.0
169752,-6.32675,106.89432,2020-02-28T12:00:00,1,36.0
170361,-6.15807,106.91645,2020-02-28T12:00:00,1,67.0
173182,-6.17732,106.81578,2020-03-02T12:00:00,1,23.0
173490,-6.19163,106.78231,2020-03-04T12:00:00,1,15.0
173725,-6.20518,106.83594,2020-03-10T12:00:00,1,80.0
174256,-6.25059,106.87768,2020-03-16T12:00:00,1,47.0
174291,-6.29508,106.87678,2020-03-16T12:00:00,1,24.0
174325,-6.26186,106.88027,2020-03-16T12:00:00,1,50.0
174435,-6.19926,106.8338,2020-03-16T12:00:00,1,44.0
174529,-6.26922,106.8789,2020-03-16T12:00:00,1,18.0
176051,-6.19446,106.82614,2020-03-18T12:00:00,1,1.0
177576,-6.1598,106.72089,2020-03-22T12:00:00,1,50.0
180192,-6.18842,106.80713,2020-04-02T12:00:00,1,96.0
180287,-6.17311,106.76815,2020-04-06T12:00:00,1,24.0
181152,-6.24139,106.837,2020-04-10T12:00:00,1,30.0
182026,-6.24626,106.90139,2020-04-12T12:00:00,1,9.0
182832,-6.23374,106.81764,2020-04-13T12:00:00,1,61.0
187363,-6.259,106.8595,2020-04-29T12:00:00,1,64.0
187413,-6.27389,106.83098,2020-04-29T12:00:00,1,69.0
187454,-6.26669,106.83264,2020-04-29T12:00:00,1,150.0
187491,-6.25894,106.82524,2020-04-29T12:00:00,1,89.0
189966,-6.26935,106.83923,2020-05-01T04:45:43,0,23.0
190635,-6.26669,106.83227,2020-05-10T09:27:35,0,82.0
191081,-6.26118,106.84528,2020-05-18T08:53:32,0,44.0
191100,-6.21446,106.85757,2020-05-18T19:44:50,0,44.0
191101,-6.21447,106.8576,2020-05-18T19:47:06,0,44.0
191749,-6.17539,106.82715,2020-05-29T18:02:18,0,44.0
191814,-6.17535,106.82721,2020-05-30T02:17:58,0,44.0
191822,-6.20337,106.95228,2020-05-30T06:49:07,0,44.0
191856,-6.109,106.7719,2020-06-03T17:03:28,0,20.0
191860,-6.12432,106.8097,2020-06-04T14:40:57,0,23.0
191861,-6.13028,106.82822,2020-06-04T14:44:08,0,23.0
192086,-6.11185,106.77255,2020-06-05T18:51:16,0,46.0
192090,-6.11165,106.77224,2020-06-05T19:04:47,0,53.0
192092,-6.1091,106.772,2020-06-05T19:08:59,0,65.0
192348,-6.11025,106.7709,2020-06-07T02:17:27,0,41.0
192883,-6.12359,106.85807,2020-06-24T03:14:00,0,192.0
192910,-6.17336,106.82722,2020-06-24T12:09:02,0,40.0
193881,-6.17539,106.82715,2020-07-06T02:32:17,0,24.0
193884,-6.11734,106.79983,2020-07-06T09:14:46,0,200.0
195771,-6.117,106.9002,2020-07-20T17:34:38,0,10.0
196164,-6.17539,106.82717,2020-07-25T10:56:00,0,135.0
196273,-6.20827,106.84582,2020-08-10T03:45:43,0,70.0
196824,-6.11646,106.87293,2020-08-13T10:02:19,0,20.0
199703,-6.25065,106.8777,2020-09-14T15:20:52,0,44.0
201188,-6.21819,106.76758,2020-09-21T14:17:00,0,44.0
201230,-6.1919,106.79312,2020-09-21T14:53:59,0,43.0
201266,-6.13678,106.75651,2020-09-21T15:19:49,0,31.0
201313,-6.18191,106.71573,2020-09-21T15:50:37,0,22.0
201350,-6.15087,106.73438,2020-09-21T16:13:12,0,31.0
201365,-6.18349,106.7463,2020-09-21T16:23:54,0,46.0
201387,-6.16561,106.76296,2020-09-21T16:37:37,0,44.0
201395,-6.16653,106.78736,2020-09-21T16:42:10,0,20.0
201469,-6.17078,106.7758,2020-09-21T17:34:42,0,54.0
201470,-6.17389,106.77873,2020-09-21T17:36:31,0,60.0
201479,-6.17405,106.77883,2020-09-21T17:39:12,0,61.0
201488,-6.18677,106.78667,2020-09-21T17:43:21,0,14.0
201498,-6.17339,106.77766,2020-09-21T17:47:32,0,55.0
201508,-6.23475,106.86809,2020-09-21T17:53:26,0,45.0
201527,-6.16827,106.77572,2020-09-21T18:04:03,0,65.0
201645,-6.13903,106.74982,2020-09-21T19:08:19,0,45.0
201881,-6.15156,106.77422,2020-09-21T21:18:11,0,6.0
202345,-6.1717,106.77333,2020-09-22T01:30:38,0,5.0
202391,-6.17167,106.77416,2020-09-22T01:46:31,0,12.0
208411,-6.21232,106.79429,2020-10-04T15:00:51,0,51.0
208475,-6.23886,106.75967,2020-10-04T16:15:52,0,50.0
208701,-6.27162,106.81411,2020-10-04T19:58:13,0,79.0
211525,-6.30502,106.78924,2020-10-10T13:16:50,0,133.0
211526,-6.32244,106.86788,2020-10-10T13:20:12,0,67.0
211605,-6.24024,106.76037,2020-10-10T14:23:18,0,82.0
211624,-6.31338,106.87393,2020-10-10T14:40:39,0,13.0
211637,-6.29137,106.87361,2020-10-10T14:47:11,0,90.0
211686,-6.31124,106.78655,2020-10-10T15:30:30,0,114.0
211699,-6.33628,106.89046,2020-10-10T15:39:48,0,60.0
211712,-6.15997,106.74433,2020-10-10T15:45:40,0,27.0
211719,-6.31727,106.90245,2020-10-10T15:54:34,0,54.0
211908,-6.29449,106.87525,2020-10-10T18:14:38,0,60.0
211967,-6.24429,106.81389,2020-10-10T18:54:29,0,60.0
215422,-6.18181,106.87742,2020-10-16T09:35:03,0,35.0
215431,-6.13373,106.90729,2020-10-16T10:36:41,0,44.0
215497,-6.17833,106.7796,2020-10-16T12:42:34,0,81.0
215501,-6.23871,106.75993,2020-10-16T12:51:10,0,70.0
218945,-6.10386,106.76826,2020-10-19T04:43:59,0,29.0
220009,-6.23886,106.75967,2020-10-26T10:49:51,0,61.0
221471,-6.19952,106.76031,2020-11-03T04:10:14,0,65.0
224393,-6.17554,106.82719,2020-12-03T17:49:12,0,200.0
224398,-6.17817,106.83966,2020-12-04T14:59:50,0,44.0
226264,-6.17757,106.8281,2021-01-13T14:31:15,0,44.0
226280,-6.17539,106.82715,2021-01-14T03:15:30,0,91.0
226315,-6.17539,106.82717,2021-01-15T07:35:47,0,91.0
226415,-6.17539,106.82715,2021-01-19T04:01:08,0,100.0
226422,-6.17955,106.79894,2021-01-19T04:32:33,0,100.0
226928,-6.17539,106.82715,2021-01-23T13:03:37,0,66.0
226934,-6.23491,106.93161,2021-01-24T05:16:15,0,44.0
230101,-6.20926,106.94076,2021-02-02T09:39:55,0,44.0
232358,-6.24066,106.75873,2021-02-05T17:58:44,0,41.0
232391,-6.17539,106.82715,2021-02-06T05:30:14,0,44.0
232419,-6.19797,106.83812,2021-02-06T18:57:55,0,31.0
232420,-6.1979,106.95392,2021-02-06T19:01:33,0,32.0
232470,-6.14614,106.91058,2021-02-06T20:20:15,0,20.0
237843,-6.18685,106.86754,2021-02-08T01:34:12,0,40.0
237954,-6.17539,106.82715,2021-02-08T01:59:35,0,88.0
237978,-6.21611,106.86355,2021-02-08T02:01:36,0,22.0
238124,-6.21928,106.86282,2021-02-08T02:31:45,0,16.0
238722,-6.34514,106.81569,2021-02-08T04:54:43,0,24.0
239955,-6.16915,106.73319,2021-02-08T10:26:04,0,12.0
243044,-6.2757,106.85102,2021-02-09T05:30:36,0,143.0
243299,-6.25945,106.86187,2021-02-09T06:56:53,0,25.0
245002,-6.26007,106.85921,2021-02-09T15:26:55,0,197.0
247307,-6.28528,106.84745,2021-02-13T04:43:29,0,40.0
247467,-6.16073,106.74693,2021-02-15T19:04:38,0,12.0
247472,-6.20222,106.95786,2021-02-15T19:25:35,0,46.0
247740,-6.20598,106.94005,2021-02-16T03:52:24,0,10.0
247745,-6.2064,106.93947,2021-02-16T03:58:41,0,17.0
247810,-6.17272,106.69638,2021-02-16T04:45:44,0,56.0
247839,-6.1718,106.69457,2021-02-16T04:56:44,0,45.0
248172,-6.17514,106.70685,2021-02-16T07:32:55,0,21.0
248497,-6.15682,106.72026,2021-02-16T09:23:57,0,60.0
248562,-6.15523,106.73793,2021-02-16T09:42:44,0,30.0
248579,-6.16056,106.74467,2021-02-16T09:46:56,0,30.0
249124,-6.15513,106.71681,2021-02-16T12:31:48,0,15.0
253037,-6.14287,106.75042,2021-02-17T07:36:31,0,113.0
254748,-6.24653,106.83627,2021-02-18T06:14:51,0,68.0
254790,-6.20867,106.90332,2021-02-18T08:07:26,0,34.0
254791,-6.20843,106.90331,2021-02-18T08:08:39,0,28.0
254792,-6.20827,106.9033,2021-02-18T08:09:32,0,29.0
254793,-6.20827,106.9033,2021-02-18T08:10:36,0,27.0
254858,-6.21865,106.81724,2021-02-18T09:58:57,0,66.0
254859,-6.22608,106.85848,2021-02-18T09:59:12,0,44.0
254863,-6.22345,106.81778,2021-02-18T10:03:44,0,51.0
254864,-6.22198,106.81715,2021-02-18T10:05:01,0,85.0
255254,-6.20822,106.90326,2021-02-18T20:10:54,0,30.0
255261,-6.20851,106.90329,2021-02-18T20:17:00,0,44.0
255280,-6.23697,106.93285,2021-02-18T20:49:48,0,24.0
255284,-6.20849,106.9032,2021-02-18T20:53:10,0,35.0
255303,-6.22822,106.94063,2021-02-18T21:19:32,0,44.0
255310,-6.21836,106.90309,2021-02-18T21:27:45,0,35.0
255311,-6.20816,106.90369,2021-02-18T21:28:13,0,45.0
255334,-6.21634,106.93613,2021-02-18T21:58:04,0,32.0
255346,-6.24743,106.9022,2021-02-18T22:11:17,0,60.0
255364,-6.23546,106.93145,2021-02-18T22:21:53,0,55.0
255365,-6.28176,106.87405,2021-02-18T22:24:45,0,39.0
255373,-6.20833,106.90324,2021-02-18T22:28:36,0,48.0
255452,-6.20801,106.90427,2021-02-18T23:19:38,0,55.0
255476,-6.27511,106.88018,2021-02-18T23:36:37,0,44.0
255532,-6.2409,106.89436,2021-02-19T00:09:02,0,84.0
255541,-6.22319,106.81765,2021-02-19T00:15:21,0,80.0
255575,-6.17539,106.82715,2021-02-19T00:34:19,0,31.0
255585,-6.23927,106.89615,2021-02-19T00:38:52,0,50.0
255634,-6.2476,106.90213,2021-02-19T01:06:38,0,74.0
255698,-6.2755,106.88123,2021-02-19T01:40:02,0,80.0
255744,-6.2364,106.82066,2021-02-19T01:58:37,0,40.0
255772,-6.24229,106.89217,2021-02-19T02:11:54,0,80.0
256558,-6.26585,106.87912,2021-02-19T09:20:40,0,45.0
257565,-6.28543,106.82752,2021-02-19T18:03:36,0,91.0
257566,-6.25944,106.81273,2021-02-19T18:03:56,0,45.0
257567,-6.25856,106.82054,2021-02-19T18:06:28,0,61.0
257588,-6.30387,106.87516,2021-02-19T18:11:38,0,70.0
257590,-6.25906,106.821,2021-02-19T18:14:29,0,74.0
257651,-6.24757,106.90215,2021-02-19T18:45:50,0,70.0
257684,-6.2748,106.80313,2021-02-19T18:58:23,0,62.0
257697,-6.25555,106.79301,2021-02-19T19:02:35,0,68.0
257809,-6.25203,106.81209,2021-02-19T19:50:05,0,20.0
257858,-6.24061,106.82115,2021-02-19T20:11:50,0,42.0
257871,-6.24918,106.82064,2021-02-19T20:13:00,0,95.0
257872,-6.24938,106.8157,2021-02-19T20:14:23,0,66.0
257873,-6.22546,106.81887,2021-02-19T20:15:09,0,26.0
257874,-6.24934,106.81631,2021-02-19T20:15:08,0,49.0
257875,-6.24377,106.8216,2021-02-19T20:15:56,0,112.0
257876,-6.23883,106.75971,2021-02-19T20:15:56,0,155.0
257889,-6.27806,106.82795,2021-02-19T20:17:13,0,56.0
257890,-6.25458,106.81574,2021-02-19T20:17:59,0,64.0
257903,-6.26876,106.82506,2021-02-19T20:24:33,0,99.0
257916,-6.24688,106.82086,2021-02-19T20:27:50,0,132.0
257917,-6.33144,106.87865,2021-02-19T20:30:03,0,82.0
257931,-6.28949,106.82166,2021-02-19T20:33:10,0,80.0
257958,-6.26552,106.88145,2021-02-19T20:46:27,0,38.0
257972,-6.26683,106.82851,2021-02-19T20:48:32,0,100.0
258058,-6.32194,106.86817,2021-02-19T21:19:36,0,109.0
258116,-6.33236,106.88125,2021-02-19T21:38:41,0,17.0
258118,-6.2461,106.83646,2021-02-19T21:40:43,0,82.0
258184,-6.24421,106.83573,2021-02-19T21:59:15,0,25.0
258185,-6.26063,106.77099,2021-02-19T22:01:19,0,199.0
258201,-6.19237,106.75902,2021-02-19T22:04:18,0,11.0
258287,-6.30341,106.81585,2021-02-19T22:23:05,0,105.0
258288,-6.18926,106.81004,2021-02-19T22:26:30,0,47.0
258309,-6.19314,106.75922,2021-02-19T22:27:25,0,45.0
258310,-6.30106,106.81642,2021-02-19T22:29:58,0,134.0
258311,-6.27632,106.79261,2021-02-19T22:30:25,0,110.0
258353,-6.32732,106.83022,2021-02-19T22:39:29,0,90.0
258395,-6.2867,106.8279,2021-02-19T22:46:34,0,131.0
258417,-6.22938,106.82254,2021-02-19T22:50:51,0,53.0
258441,-6.22925,106.82255,2021-02-19T22:51:58,0,58.0
258463,-6.2471,106.80998,2021-02-19T22:58:36,0,92.0
258464,-6.26198,106.88019,2021-02-19T23:00:39,0,95.0
258528,-6.31793,106.90059,2021-02-19T23:15:04,0,26.0
258551,-6.34059,106.87219,2021-02-19T23:16:38,0,90.0
258552,-6.23957,106.81644,2021-02-19T23:21:17,0,150.0
258574,-6.14031,106.77695,2021-02-19T23:21:46,0,59.0
258642,-6.25428,106.8775,2021-02-19T23:39:05,0,102.0
258664,-6.16463,106.7512,2021-02-19T23:41:43,0,44.0
258666,-6.27341,106.87204,2021-02-19T23:45:34,0,44.0
258690,-6.28688,106.83489,2021-02-19T23:47:48,0,70.0
258691,-6.3178,106.90034,2021-02-19T23:48:54,0,44.0
258692,-6.2636,106.86439,2021-02-19T23:50:17,0,88.0
258693,-6.28677,106.83486,2021-02-19T23:50:16,0,70.0
258717,-6.25455,106.82532,2021-02-19T23:54:34,0,90.0
258742,-6.28564,106.8278,2021-02-19T23:59:03,0,93.0
258744,-6.28553,106.82781,2021-02-20T00:00:54,0,100.0
258745,-6.24728,106.8208,2021-02-20T00:01:20,0,142.0
258770,-6.28854,106.83406,2021-02-20T00:04:04,0,54.0
258794,-6.28699,106.87099,2021-02-20T00:08:20,0,52.0
258795,-6.28322,106.83405,2021-02-20T00:10:18,0,130.0
258842,-6.25731,106.87942,2021-02-20T00:14:46,0,66.0
258843,-6.32505,106.82563,2021-02-20T00:15:28,0,23.0
258867,-6.2709,106.8288,2021-02-20T00:16:54,0,193.0
258870,-6.21982,106.81767,2021-02-20T00:21:22,0,101.0
258894,-6.22304,106.81756,2021-02-20T00:23:01,0,109.0
258946,-6.28911,106.86657,2021-02-20T00:35:52,0,44.0
258997,-6.22653,106.76661,2021-02-20T00:45:02,0,96.0
259023,-6.28865,106.82248,2021-02-20T00:48:24,0,51.0
259098,-6.28229,106.88066,2021-02-20T01:01:51,0,74.0
259218,-6.13654,106.77557,2021-02-20T01:23:12,0,36.0
259243,-6.26109,106.77137,2021-02-20T01:28:43,0,200.0
259269,-6.13876,106.77507,2021-02-20T01:32:40,0,10.0
259270,-6.15709,106.72534,2021-02-20T01:33:21,0,17.0
259296,-6.2328,106.75922,2021-02-20T01:39:48,0,110.0
259297,-6.28857,106.82258,2021-02-20T01:41:28,0,46.0
259300,-6.15718,106.73088,2021-02-20T01:44:21,0,30.0
259326,-6.16672,106.75896,2021-02-20T01:44:07,0,41.0
259352,-6.17492,106.75274,2021-02-20T01:49:31,0,40.0
259379,-6.2598,106.88028,2021-02-20T01:54:34,0,72.0
259432,-6.28944,106.86533,2021-02-20T02:02:16,0,46.0
259434,-6.24847,106.82282,2021-02-20T02:04:58,0,115.0
259462,-6.25584,106.81013,2021-02-20T02:06:50,0,124.0
259464,-6.26195,106.85773,2021-02-20T02:10:11,0,21.0
259466,-6.35113,106.86995,2021-02-20T02:12:51,0,86.0
259493,-6.13831,106.77335,2021-02-20T02:15:04,0,15.0
259520,-6.21158,106.81227,2021-02-20T02:16:40,0,41.0
259524,-6.29769,106.85808,2021-02-20T02:20:31,0,54.0
259551,-6.2687,106.81481,2021-02-20T02:23:03,0,39.0
259552,-6.1601,106.72865,2021-02-20T02:24:02,0,55.0
259579,-6.29206,106.81953,2021-02-20T02:27:37,0,104.0
259580,-6.16001,106.72882,2021-02-20T02:27:50,0,50.0
259582,-6.30912,106.83487,2021-02-20T02:31:20,0,89.0
259611,-6.21552,106.72092,2021-02-20T02:32:44,0,36.0
259638,-6.26055,106.88221,2021-02-20T02:36:36,0,88.0
259639,-6.21388,106.81372,2021-02-20T02:40:25,0,32.0
259640,-6.19178,106.93774,2021-02-20T02:41:26,0,46.0
259641,-6.32233,106.86837,2021-02-20T02:41:41,0,36.0
259668,-6.32234,106.86839,2021-02-20T02:44:54,0,44.0
259696,-6.16444,106.7467,2021-02-20T02:47:36,0,30.0
259697,-6.29329,106.87435,2021-02-20T02:49:08,0,52.0
259698,-6.15931,106.759,2021-02-20T02:50:05,0,90.0
259783,-6.30406,106.87371,2021-02-20T03:03:39,0,86.0
259811,-6.24377,106.83599,2021-02-20T03:07:11,0,60.0
259812,-6.19307,106.75777,2021-02-20T03:07:21,0,33.0
259814,-6.31815,106.82702,2021-02-20T03:11:54,0,40.0
259815,-6.16108,106.76767,2021-02-20T03:11:02,0,44.0
259843,-6.29672,106.87603,2021-02-20T03:16:33,0,50.0
259871,-6.19951,106.76306,2021-02-20T03:17:06,0,44.0
259900,-6.26057,106.79079,2021-02-20T03:24:01,0,32.0
259902,-6.26506,106.81585,2021-02-20T03:26:00,0,151.0
259930,-6.2468,106.82179,2021-02-20T03:27:18,0,160.0
259959,-6.28735,106.83591,2021-02-20T03:34:19,0,80.0
259960,-6.27635,106.81277,2021-02-20T03:34:55,0,170.0
260022,-6.25045,106.86206,2021-02-20T03:46:16,0,179.0
260104,-6.28222,106.83391,2021-02-20T03:56:40,0,86.0
260133,-6.27697,106.87758,2021-02-20T04:02:42,0,90.0
260136,-6.27088,106.82965,2021-02-20T04:03:40,0,141.0
260164,-6.27653,106.87782,2021-02-20T04:06:44,0,90.0
260165,-6.31684,106.91476,2021-02-20T04:11:42,0,61.0
260166,-6.33112,106.902,2021-02-20T04:12:30,0,72.0
260168,-6.24776,106.80921,2021-02-20T04:14:43,0,120.0
260197,-6.16501,106.74373,2021-02-20T04:15:34,0,16.0
260254,-6.27401,106.75765,2021-02-20T04:21:04,0,74.0
260315,-6.25264,106.8606,2021-02-20T04:33:05,0,89.0
260316,-6.23419,106.81906,2021-02-20T04:33:14,0,135.0
260317,-6.19714,106.81754,2021-02-20T04:35:22,0,4.0
260349,-6.26942,106.83332,2021-02-20T04:39:15,0,76.0
260351,-6.23878,106.8171,2021-02-20T04:46:06,0,50.0
260384,-6.31521,106.88292,2021-02-20T04:50:55,0,87.0
260416,-6.26212,106.8252,2021-02-20T04:54:52,0,117.0
260487,-6.24669,106.89695,2021-02-20T05:05:49,0,200.0
260521,-6.2842,106.90758,2021-02-20T05:06:59,0,70.0
260527,-6.28379,106.84715,2021-02-20T05:11:25,0,198.0
260596,-6.33175,106.90171,2021-02-20T05:17:12,0,46.0
260598,-6.24419,106.81444,2021-02-20T05:18:14,0,118.0
260699,-6.25447,106.82436,2021-02-20T05:31:45,0,134.0
260770,-6.22144,106.72274,2021-02-20T05:42:48,0,55.0
260890,-6.30317,106.90628,2021-02-20T05:59:01,0,7.0
260962,-6.23424,106.81884,2021-02-20T06:07:19,0,181.0
260963,-6.17108,106.76531,2021-02-20T06:08:16,0,34.0
260999,-6.27871,106.82834,2021-02-20T06:12:32,0,81.0
261000,-6.21246,106.81239,2021-02-20T06:13:51,0,64.0
261001,-6.22308,106.71876,2021-02-20T06:16:07,0,44.0
261073,-6.16513,106.74575,2021-02-20T06:25:47,0,30.0
261145,-6.21705,106.81579,2021-02-20T06:32:59,0,14.0
261181,-6.21356,106.81313,2021-02-20T06:37:31,0,48.0
261183,-6.21432,106.85955,2021-02-20T06:39:51,0,22.0
261325,-6.25834,106.82506,2021-02-20T06:58:39,0,86.0
261396,-6.16994,106.73402,2021-02-20T07:08:17,0,45.0
261470,-6.21205,106.81167,2021-02-20T07:18:16,0,67.0
261471,-6.20237,106.76485,2021-02-20T07:15:24,0,88.0
261473,-6.26559,106.88108,2021-02-20T07:20:16,0,87.0
261474,-6.19429,106.7605,2021-02-20T07:21:03,0,42.0
261549,-6.29473,106.87747,2021-02-20T07:29:03,0,45.0
261587,-6.24391,106.81375,2021-02-20T07:35:54,0,200.0
261700,-6.16577,106.76913,2021-02-20T07:48:04,0,44.0
261816,-6.18358,106.76307,2021-02-20T08:02:09,0,30.0
261819,-6.25439,106.82361,2021-02-20T08:02:47,0,142.0
261859,-6.18933,106.76459,2021-02-20T08:08:56,0,66.0
262015,-6.24198,106.82323,2021-02-20T08:28:47,0,117.0
262056,-6.25489,106.82398,2021-02-20T08:32:58,0,164.0
262097,-6.28975,106.77131,2021-02-20T08:38:36,0,77.0
262098,-6.25946,106.82674,2021-02-20T08:38:26,0,107.0
262504,-6.18483,106.75354,2021-02-20T09:28:30,0,44.0
262547,-6.27354,106.85047,2021-02-20T09:35:11,0,19.0
262748,-6.24576,106.82121,2021-02-20T10:01:03,0,187.0
262787,-6.23914,106.81811,2021-02-20T10:05:43,0,61.0
262825,-6.16444,106.74668,2021-02-20T10:07:58,0,60.0
262826,-6.18402,106.83636,2021-02-20T10:08:16,0,35.0
262827,-6.189,106.75622,2021-02-20T10:08:56,0,70.0
262906,-6.18237,106.75077,2021-02-20T10:24:30,0,20.0
263479,-6.23713,106.82203,2021-02-20T11:31:46,0,54.0
263594,-6.24664,106.82118,2021-02-20T11:46:51,0,143.0
263635,-6.27225,106.82953,2021-02-20T11:54:03,0,85.0
263900,-6.23379,106.81941,2021-02-20T12:29:04,0,101.0
263938,-6.24304,106.82396,2021-02-20T12:32:53,0,2.0
263939,-6.22238,106.81885,2021-02-20T12:34:53,0,63.0
263978,-6.24296,106.7868,2021-02-20T12:38:23,0,38.0
264102,-6.16749,106.73667,2021-02-20T12:50:22,0,20.0
264103,-6.26275,106.88138,2021-02-20T12:50:23,0,113.0
264142,-6.29715,106.84206,2021-02-20T12:51:43,0,43.0
264143,-6.16735,106.73814,2021-02-20T12:54:17,0,15.0
264144,-6.23363,106.81753,2021-02-20T12:56:16,0,141.0
264298,-6.25544,106.81019,2021-02-20T13:15:54,0,125.0
264337,-6.16847,106.72814,2021-02-20T13:19:33,0,40.0
264378,-6.22203,106.81888,2021-02-20T13:26:04,0,87.0
264455,-6.18333,106.71736,2021-02-20T13:35:45,0,70.0
264456,-6.25121,106.81012,2021-02-20T13:36:20,0,134.0
264496,-6.29614,106.81814,2021-02-20T13:43:26,0,70.0
264770,-6.18317,106.7159,2021-02-20T14:11:42,0,100.0
264927,-6.23524,106.81773,2021-02-20T14:33:50,0,152.0
265517,-6.16755,106.72735,2021-02-20T15:50:10,0,30.0
265558,-6.15968,106.76418,2021-02-20T15:51:47,0,21.0
265559,-6.18524,106.72987,2021-02-20T15:52:01,0,44.0
265601,-6.22247,106.81788,2021-02-20T15:59:22,0,100.0
265642,-6.26602,106.82888,2021-02-20T16:05:04,0,137.0
265745,-6.18447,106.71805,2021-02-20T16:14:38,0,45.0
265827,-6.15999,106.72127,2021-02-20T16:17:00,0,42.0
265868,-6.17605,106.83108,2021-02-20T16:25:26,0,37.0
265950,-6.22425,106.81895,2021-02-20T16:32:14,0,79.0
266079,-6.17583,106.82717,2021-02-20T16:50:10,0,198.0
266427,-6.19337,106.76094,2021-02-20T17:28:48,0,31.0
266512,-6.23713,106.81628,2021-02-20T17:37:31,0,131.0
267060,-6.16837,106.73826,2021-02-20T18:44:13,0,19.0
267901,-6.17545,106.71402,2021-02-20T20:24:01,0,67.0
269521,-6.31936,106.90004,2021-02-20T23:37:22,0,29.0
270287,-6.1359,106.76378,2021-02-21T01:06:59,0,51.0
270373,-6.16051,106.73669,2021-02-21T01:18:00,0,18.0
270374,-6.16065,106.74485,2021-02-21T01:19:31,0,20.0
270375,-6.16526,106.7447,2021-02-21T01:20:59,0,20.0
270419,-6.16998,106.73396,2021-02-21T01:22:38,0,30.0
270420,-6.16321,106.73352,2021-02-21T01:24:26,0,30.0
270421,-6.17529,106.73386,2021-02-21T01:25:16,0,60.0
270465,-6.16155,106.73499,2021-02-21T01:30:00,0,23.0
270681,-6.1663,106.74266,2021-02-21T01:52:35,0,88.0
271114,-6.17543,106.82719,2021-02-21T02:42:59,0,199.0
271508,-6.24991,106.81013,2021-02-21T03:27:09,0,150.0
271554,-6.16996,106.72748,2021-02-21T03:34:11,0,45.0
272352,-6.17381,106.82908,2021-02-21T05:00:56,0,87.0
272581,-6.16291,106.73143,2021-02-21T05:25:57,0,54.0
272760,-6.24793,106.82098,2021-02-21T05:44:33,0,60.0
273631,-6.18212,106.7335,2021-02-21T07:26:01,0,48.0
274826,-6.17815,106.71542,2021-02-21T09:48:06,0,52.0
275051,-6.16931,106.73349,2021-02-21T10:19:41,0,80.0
282069,-6.18756,106.82776,2021-02-23T02:02:37,0,40.0
282165,-6.23707,106.93285,2021-02-23T07:27:58,0,21.0
284448,-6.24488,106.81228,2021-03-10T17:31:31,0,50.0
284449,-6.24529,106.81214,2021-03-10T17:34:35,0,50.0
285340,-6.17546,106.82719,2021-03-13T11:44:33,0,200.0
285475,-6.14012,106.82091,2021-03-28T05:02:35,0,44.0
287428,-6.15251,106.85524,2021-04-16T05:18:26,0,44.0
287923,-6.14194,106.90968,2021-04-21T08:25:47,0,22.0
290661,-6.18316,106.81792,2021-05-17T10:19:35,0,60.0
290710,-6.24011,106.76034,2021-05-17T16:57:35,0,5.0
290731,-6.22664,106.75899,2021-05-17T17:46:25,0,45.0
292910,-6.23882,106.7598,2021-05-21T15:08:08,0,70.0
293352,-6.2892,106.82722,2021-05-24T16:03:26,0,45.0
296108,-6.18573,106.96974,2021-06-06T13:46:08,0,11.0
296167,-6.3353,106.8154,2021-06-16T09:42:15,0,41.0
296411,-6.1764,106.80747,2021-07-10T15:03:23,0,88.0
296464,-6.28645,106.84827,2021-07-31T03:53:14,0,75.0
296467,-6.27383,106.8513,2021-07-31T03:56:26,0,60.0
296475,-6.28047,106.84975,2021-07-31T04:08:09,0,23.0
296478,-6.14521,106.958,2021-07-31T05:46:42,0,35.0
296479,-6.14544,106.95805,2021-07-31T05:50:07,0,27.0
296504,-6.181898,106.935634,2021-08-09T17:29:14,0,59.0
296672,-6.292497,106.867148,2021-08-28T23:28:51,0,86.0
296974,-6.175392975,106.8271494,2021-09-05T12:00:00,1,44.0
296980,-6.17097216,106.8384966,2021-09-05T12:00:00,1,122.0
297006,-6.175392975,106.8271494,2021-09-07T12:00:00,1,30.0
297014,-6.176064969,106.8278897,2021-09-07T12:00:00,1,44.0
297114,-6.170774326,106.8348742,2021-09-13T12:00:00,1,86.0
298517,-6.1760223,106.8219566,2021-10-14T06:36:29,0,56.0
298788,-6.212516,106.8578155,2021-10-28T12:27:55,0,44.0
298801,-6.175393,106.8271494,2021-10-29T14:05:41,0,44.0
298973,-6.18360351,106.7559314,2021-11-08T01:19:57,0,50.0
298967,-6.1650715,106.7460092,2021-11-07T11:38:35,0,25.0
298969,-6.16832099,106.7705011,2021-11-07T12:01:02,0,30.0
298957,-6.1661058,106.7692433,2021-11-07T09:53:41,0,60.0
298948,-6.16607807,106.7694279,2021-11-07T08:21:35,0,40.0
298960,-6.1679612,106.7703105,2021-11-07T10:39:34,0,14.0
298949,-6.18636344,106.757986,2021-11-07T08:41:46,0,5.0
298966,-6.1522821,106.7417479,2021-11-07T11:31:57,0,40.0
298982,-6.23812521,106.7718414,2021-11-08T11:30:03,0,29.0
298959,-6.2468327,106.8097102,2021-11-07T10:25:55,0,23.0
298970,-6.23924492,106.7598406,2021-11-07T13:30:52,0,151.0
299005,-6.25781958,106.8111822,2021-11-12T15:46:46,0,47.0
298950,-6.24609384,106.7570058,2021-11-07T08:54:41,0,43.0
298968,-6.24562742,106.8109596,2021-11-07T11:40:16,0,30.0
298961,-6.25569747,106.8218123,2021-11-07T10:51:44,0,101.0
298952,-6.24701589,106.7565002,2021-11-07T08:59:44,0,43.0
298947,-6.34244616,106.830961,2021-11-07T08:02:46,0,11.0
298963,-6.24674075,106.8207029,2021-11-07T11:08:52,0,22.0
298981,-6.21722782,106.857531,2021-11-08T10:47:18,0,149.0
299008,-6.18571497,106.9515443,2021-11-13T10:56:56,0,49.0
298946,-6.13044732,106.8309689,2021-11-07T07:23:25,0,20.0
299638,-6.2203294,106.7247802,2021-12-20T13:27:45,0,31.0
299640,-6.2552636,106.8248829,2021-12-20T16:04:28,0,57.0
299646,-6.2380927,106.7702812,2021-12-21T06:18:32,0,62.0
299650,-6.2635535,106.870681,2021-12-22T08:21:14,0,199.0
299723,-6.1573981,106.8276215,2021-12-28T08:00:14,0,54.0
